,strain,plasmid,backbone,iptg,rrpu
0,KT2440,1201,pSeva221,1,0.026556306435724385
1,KT2440,1201,pSeva221,5,0.0047340863283839955
2,KT2440,1201,pSeva221,10,0.006434453642537702
3,KT2440,1201,pSeva221,20,0.016593329889786894
4,KT2440,1201,pSeva221,30,0.0
5,KT2440,1201,pSeva221,40,0.001603031875044659
6,KT2440,1201,pSeva221,70,0.0018937168832012347
7,KT2440,1201,pSeva221,100,0.011215732607089551
8,KT2440,1201,pSeva221,200,0.008847647249633495
9,KT2440,1201,pSeva221,500,0.026455517745942292
10,KT2440,1201,pSeva221,1000,0.0029094308173756955
11,KT2440,1201,pSeva221,2000,0.05127843815409699
12,KT2440,1717,pSeva221,1,1.5738699010273456
13,KT2440,1717,pSeva221,5,1.088872647988229
14,KT2440,1717,pSeva221,10,1.1133924036012266
15,KT2440,1717,pSeva221,20,1.0643024532452108
16,KT2440,1717,pSeva221,30,0.9746633718796972
17,KT2440,1717,pSeva221,40,0.9485300861275052
18,KT2440,1717,pSeva221,70,0.916838620530065
19,KT2440,1717,pSeva221,100,0.9595400314687258
20,KT2440,1717,pSeva221,200,0.855300042308396
21,KT2440,1717,pSeva221,500,0.8544942039494873
22,KT2440,1717,pSeva221,1000,1.0044196640800065
23,KT2440,1717,pSeva221,2000,0.8102032992177074
24,KT2440,1818,pSeva221,1,0.012068660906112257
25,KT2440,1818,pSeva221,5,0.0071792885277472875
26,KT2440,1818,pSeva221,10,0.004002031649820519
27,KT2440,1818,pSeva221,20,0.010694569605754394
28,KT2440,1818,pSeva221,30,0.004343534907135418
29,KT2440,1818,pSeva221,40,0.0031380185190169
30,KT2440,1818,pSeva221,70,0.009940412412961057
31,KT2440,1818,pSeva221,100,0.022646480704423027
32,KT2440,1818,pSeva221,200,0.0774787140934875
33,KT2440,1818,pSeva221,500,0.2877475549299505
34,KT2440,1818,pSeva221,1000,0.5331507717590943
35,KT2440,1818,pSeva221,2000,0.8079083443919365
36,KT2440,Amer_f1,pSeva221,1,14.417136780534294
37,KT2440,Amer_f1,pSeva221,5,12.858482622347513
38,KT2440,Amer_f1,pSeva221,10,12.66918077797348
39,KT2440,Amer_f1,pSeva221,20,12.283001099691155
40,KT2440,Amer_f1,pSeva221,30,11.430842671842964
41,KT2440,Amer_f1,pSeva221,40,11.536011857491891
42,KT2440,Amer_f1,pSeva221,70,11.337949022930506
43,KT2440,Amer_f1,pSeva221,100,11.590555956826375
44,KT2440,Amer_f1,pSeva221,200,10.497044892094411
45,KT2440,Amer_f1,pSeva221,500,10.041325619186583
46,KT2440,Amer_f1,pSeva221,1000,10.348461421492702
47,KT2440,Amer_f1,pSeva221,2000,9.410768617920647
48,KT2440,Amtr_a1,pSeva221,1,1.6710354954217086
49,KT2440,Amtr_a1,pSeva221,5,1.5409495848209054
50,KT2440,Amtr_a1,pSeva221,10,1.6276118858581297
51,KT2440,Amtr_a1,pSeva221,20,1.4357391205231782
52,KT2440,Amtr_a1,pSeva221,30,1.4007884156593169
53,KT2440,Amtr_a1,pSeva221,40,1.3277548486722763
54,KT2440,Amtr_a1,pSeva221,70,1.3039603414930567
55,KT2440,Amtr_a1,pSeva221,100,1.1895866354360536
56,KT2440,Amtr_a1,pSeva221,200,1.0386241583923863
57,KT2440,Amtr_a1,pSeva221,500,0.7351319233145129
58,KT2440,Amtr_a1,pSeva221,1000,0.4833627702903678
59,KT2440,Amtr_a1,pSeva221,2000,0.3044858540579288
60,KT2440,Beti_e1,pSeva221,1,3.3940497740803997
61,KT2440,Beti_e1,pSeva221,5,3.0525465050887703
62,KT2440,Beti_e1,pSeva221,10,3.071060497008593
63,KT2440,Beti_e1,pSeva221,20,2.9815283004750524
64,KT2440,Beti_e1,pSeva221,30,2.9577170884338124
65,KT2440,Beti_e1,pSeva221,40,2.9223614995700875
66,KT2440,Beti_e1,pSeva221,70,2.8804979010516867
67,KT2440,Beti_e1,pSeva221,100,2.802735233785879
68,KT2440,Beti_e1,pSeva221,200,2.7127304314917184
69,KT2440,Beti_e1,pSeva221,500,2.47823969651106
70,KT2440,Beti_e1,pSeva221,1000,2.294963930422602
71,KT2440,Beti_e1,pSeva221,2000,2.0781130595213124
72,KT2440,Bm3r1_b1,pSeva221,1,1.3317095701979964
73,KT2440,Bm3r1_b1,pSeva221,5,1.3302491317733738
74,KT2440,Bm3r1_b1,pSeva221,10,1.3540566083592491
75,KT2440,Bm3r1_b1,pSeva221,20,1.3300124782519112
76,KT2440,Bm3r1_b1,pSeva221,30,1.279271485719963
77,KT2440,Bm3r1_b1,pSeva221,40,1.2823614046729717
78,KT2440,Bm3r1_b1,pSeva221,70,1.2943841168636407
79,KT2440,Bm3r1_b1,pSeva221,100,1.2874426144444766
80,KT2440,Bm3r1_b1,pSeva221,200,1.290441702138282
81,KT2440,Bm3r1_b1,pSeva221,500,1.277131980476678
82,KT2440,Bm3r1_b1,pSeva221,1000,1.274249765209827
83,KT2440,Bm3r1_b1,pSeva221,2000,1.1896171013656829
84,KT2440,Bm3r1_b2,pSeva221,1,0.7485876312435195
85,KT2440,Bm3r1_b2,pSeva221,5,0.7586137037624497
86,KT2440,Bm3r1_b2,pSeva221,10,0.7367244980178206
87,KT2440,Bm3r1_b2,pSeva221,20,0.7243286740800355
88,KT2440,Bm3r1_b2,pSeva221,30,0.7145162951014591
89,KT2440,Bm3r1_b2,pSeva221,40,0.7064614725329261
90,KT2440,Bm3r1_b2,pSeva221,70,0.6904113927220654
91,KT2440,Bm3r1_b2,pSeva221,100,0.6774286776781742
92,KT2440,Bm3r1_b2,pSeva221,200,0.6537046623373691
93,KT2440,Bm3r1_b2,pSeva221,500,0.6088169534729091
94,KT2440,Bm3r1_b2,pSeva221,1000,0.5715805816453916
95,KT2440,Bm3r1_b2,pSeva221,2000,0.5012955771048989
96,KT2440,Bm3r1_b3,pSeva221,1,0.28098236842242114
97,KT2440,Bm3r1_b3,pSeva221,5,0.2549804990460167
98,KT2440,Bm3r1_b3,pSeva221,10,0.2355754121039371
99,KT2440,Bm3r1_b3,pSeva221,20,0.3386228468021219
100,KT2440,Bm3r1_b3,pSeva221,30,0.2413429244049174
101,KT2440,Bm3r1_b3,pSeva221,40,0.267253268600484
102,KT2440,Bm3r1_b3,pSeva221,70,0.28218788352433755
103,KT2440,Bm3r1_b3,pSeva221,100,0.3373445963316172
104,KT2440,Bm3r1_b3,pSeva221,200,0.34169487886869737
105,KT2440,Bm3r1_b3,pSeva221,500,0.3637619771592719
106,KT2440,Bm3r1_b3,pSeva221,1000,0.3267879925474436
107,KT2440,Bm3r1_b3,pSeva221,2000,0.28429971455524783
108,KT2440,Hiyiir_h1,pSeva221,1,0.4934873782627962
109,KT2440,Hiyiir_h1,pSeva221,5,0.5194290436149412
110,KT2440,Hiyiir_h1,pSeva221,10,0.5050331853560039
111,KT2440,Hiyiir_h1,pSeva221,20,0.4600866779446312
112,KT2440,Hiyiir_h1,pSeva221,30,0.4730712606996053
113,KT2440,Hiyiir_h1,pSeva221,40,0.4648218161398922
114,KT2440,Hiyiir_h1,pSeva221,70,0.4293280504646511
115,KT2440,Hiyiir_h1,pSeva221,100,0.4027641218867588
116,KT2440,Hiyiir_h1,pSeva221,200,0.3278202593138836
117,KT2440,Hiyiir_h1,pSeva221,500,0.1773714139596209
118,KT2440,Hiyiir_h1,pSeva221,1000,0.07881016678280872
119,KT2440,Hiyiir_h1,pSeva221,2000,0.024578483749284917
120,KT2440,Lcara_i1,pSeva221,1,4.592189333010063
121,KT2440,Lcara_i1,pSeva221,5,4.310752906263762
122,KT2440,Lcara_i1,pSeva221,10,4.150279779487904
123,KT2440,Lcara_i1,pSeva221,20,3.8540722884498786
124,KT2440,Lcara_i1,pSeva221,30,3.6436451121349136
125,KT2440,Lcara_i1,pSeva221,40,3.5490594808724323
126,KT2440,Lcara_i1,pSeva221,70,3.3143484205965787
127,KT2440,Lcara_i1,pSeva221,100,2.894066665745687
128,KT2440,Lcara_i1,pSeva221,200,2.2791416396034023
129,KT2440,Lcara_i1,pSeva221,500,1.4734831214186204
130,KT2440,Lcara_i1,pSeva221,1000,0.9251084693221032
131,KT2440,Lcara_i1,pSeva221,2000,0.5203265862372071
132,KT2440,Litr_l1,pSeva221,1,9.571459379887349
133,KT2440,Litr_l1,pSeva221,5,7.876318340102149
134,KT2440,Litr_l1,pSeva221,10,7.51247045467733
135,KT2440,Litr_l1,pSeva221,20,6.721368370699913
136,KT2440,Litr_l1,pSeva221,30,6.196344680420692
137,KT2440,Litr_l1,pSeva221,40,6.050215652112538
138,KT2440,Litr_l1,pSeva221,70,5.750064353104714
139,KT2440,Litr_l1,pSeva221,100,5.159139088994941
140,KT2440,Litr_l1,pSeva221,200,3.8368618564407386
141,KT2440,Litr_l1,pSeva221,500,2.9066578434469554
142,KT2440,Litr_l1,pSeva221,1000,2.2397409624971862
143,KT2440,Litr_l1,pSeva221,2000,1.7770267200319316
144,KT2440,Lmra_n1,pSeva221,1,2.93627338308087
145,KT2440,Lmra_n1,pSeva221,5,2.6432977984175645
146,KT2440,Lmra_n1,pSeva221,10,2.5848601111493106
147,KT2440,Lmra_n1,pSeva221,20,2.3988911833133995
148,KT2440,Lmra_n1,pSeva221,30,2.3352930575244346
149,KT2440,Lmra_n1,pSeva221,40,2.228300126326168
150,KT2440,Lmra_n1,pSeva221,70,2.0256495624359707
151,KT2440,Lmra_n1,pSeva221,100,1.865795670949916
152,KT2440,Lmra_n1,pSeva221,200,1.4996256037780202
153,KT2440,Lmra_n1,pSeva221,500,0.9248506717291132
154,KT2440,Lmra_n1,pSeva221,1000,0.5862302432203959
155,KT2440,Lmra_n1,pSeva221,2000,0.3627118138832123
156,KT2440,Phif_p1,pSeva221,1,19.53976065569154
157,KT2440,Phif_p1,pSeva221,5,19.329232972736552
158,KT2440,Phif_p1,pSeva221,10,18.93605387936965
159,KT2440,Phif_p1,pSeva221,20,17.54107945222578
160,KT2440,Phif_p1,pSeva221,30,16.722438449312175
161,KT2440,Phif_p1,pSeva221,40,16.595997547517005
162,KT2440,Phif_p1,pSeva221,70,14.93010212291525
163,KT2440,Phif_p1,pSeva221,100,15.172676978643816
164,KT2440,Phif_p1,pSeva221,200,15.49403780083238
165,KT2440,Phif_p1,pSeva221,500,15.562213449099215
166,KT2440,Phif_p1,pSeva221,1000,14.74075765964235
167,KT2440,Phif_p1,pSeva221,2000,14.902074214486802
168,KT2440,Phif_p2,pSeva221,1,21.55098480934683
169,KT2440,Phif_p2,pSeva221,5,19.708177262455045
170,KT2440,Phif_p2,pSeva221,10,19.381211696115976
171,KT2440,Phif_p2,pSeva221,20,18.210961269600848
172,KT2440,Phif_p2,pSeva221,30,17.6915768349722
173,KT2440,Phif_p2,pSeva221,40,15.94125244834475
174,KT2440,Phif_p2,pSeva221,70,16.911295768089612
175,KT2440,Phif_p2,pSeva221,100,16.262972889012516
176,KT2440,Phif_p2,pSeva221,200,15.777513680271676
177,KT2440,Phif_p2,pSeva221,500,16.13594536861925
178,KT2440,Phif_p2,pSeva221,1000,14.457100811439009
179,KT2440,Phif_p2,pSeva221,2000,14.328378413611839
180,KT2440,Phif_p3,pSeva221,1,20.411245682810673
181,KT2440,Phif_p3,pSeva221,5,18.38139518652581
182,KT2440,Phif_p3,pSeva221,10,18.12007128219809
183,KT2440,Phif_p3,pSeva221,20,15.145591462490735
184,KT2440,Phif_p3,pSeva221,30,14.6226393625155
185,KT2440,Phif_p3,pSeva221,40,14.800504015013304
186,KT2440,Phif_p3,pSeva221,70,14.262843275887935
187,KT2440,Phif_p3,pSeva221,100,13.205707383824706
188,KT2440,Phif_p3,pSeva221,200,9.967016682025033
189,KT2440,Phif_p3,pSeva221,500,7.667637730120743
190,KT2440,Phif_p3,pSeva221,1000,5.992996495728612
191,KT2440,Phif_p3,pSeva221,2000,4.193937465659899
192,KT2440,Psra_r1,pSeva221,1,15.8437072658435
193,KT2440,Psra_r1,pSeva221,5,16.576349404609132
194,KT2440,Psra_r1,pSeva221,10,16.74175927698193
195,KT2440,Psra_r1,pSeva221,20,16.92493446172771
196,KT2440,Psra_r1,pSeva221,30,16.24483697816034
197,KT2440,Psra_r1,pSeva221,40,15.991077109313649
198,KT2440,Psra_r1,pSeva221,70,15.171080387298437
199,KT2440,Psra_r1,pSeva221,100,14.590952570412169
200,KT2440,Psra_r1,pSeva221,200,13.194579020931108
201,KT2440,Psra_r1,pSeva221,500,11.71139844309463
202,KT2440,Psra_r1,pSeva221,1000,10.315917155387194
203,KT2440,Psra_r1,pSeva221,2000,8.147076050009709
204,KT2440,Qacr_q1,pSeva221,1,3.5136375975487355
205,KT2440,Qacr_q1,pSeva221,5,3.61477435168226
206,KT2440,Qacr_q1,pSeva221,10,3.4270327595972363
207,KT2440,Qacr_q1,pSeva221,20,3.1863263348310955
208,KT2440,Qacr_q1,pSeva221,30,3.0381053543711287
209,KT2440,Qacr_q1,pSeva221,40,3.0050338465424047
210,KT2440,Qacr_q1,pSeva221,70,2.7884393953478206
211,KT2440,Qacr_q1,pSeva221,100,2.6746075490408106
212,KT2440,Qacr_q1,pSeva221,200,2.220770914895389
213,KT2440,Qacr_q1,pSeva221,500,1.7098920110011426
214,KT2440,Qacr_q1,pSeva221,1000,1.2503665391819412
215,KT2440,Qacr_q1,pSeva221,2000,0.6243014883226187
216,KT2440,Qacr_q2,pSeva221,1,4.753930944532224
217,KT2440,Qacr_q2,pSeva221,5,4.348036082136006
218,KT2440,Qacr_q2,pSeva221,10,4.153309782165102
219,KT2440,Qacr_q2,pSeva221,20,4.443930660145412
220,KT2440,Qacr_q2,pSeva221,30,3.977229107815166
221,KT2440,Qacr_q2,pSeva221,40,3.913139650230444
222,KT2440,Qacr_q2,pSeva221,70,3.8270739360220283
223,KT2440,Qacr_q2,pSeva221,100,3.6854658116277976
224,KT2440,Qacr_q2,pSeva221,200,3.3352050497461896
225,KT2440,Qacr_q2,pSeva221,500,2.898406957287216
226,KT2440,Qacr_q2,pSeva221,1000,2.5147180888684586
227,KT2440,Qacr_q2,pSeva221,2000,1.5717249713003891
228,KT2440,Srpr_s1,pSeva221,1,1.1089247442440566
229,KT2440,Srpr_s1,pSeva221,5,0.9774336146616174
230,KT2440,Srpr_s1,pSeva221,10,0.9362644164573508
231,KT2440,Srpr_s1,pSeva221,20,0.9066060246247012
232,KT2440,Srpr_s1,pSeva221,30,0.8238678963241713
233,KT2440,Srpr_s1,pSeva221,40,0.7672065538352799
234,KT2440,Srpr_s1,pSeva221,70,0.6756711303432109
235,KT2440,Srpr_s1,pSeva221,100,0.63331947506648
236,KT2440,Srpr_s1,pSeva221,200,0.4989444175119706
237,KT2440,Srpr_s1,pSeva221,500,0.32544983288676016
238,KT2440,Srpr_s1,pSeva221,1000,0.19102415681845147
239,KT2440,Srpr_s1,pSeva221,2000,0.08010973311588912
240,KT2440,Srpr_s2,pSeva221,1,1.2722012002257477
241,KT2440,Srpr_s2,pSeva221,5,1.1755066206242717
242,KT2440,Srpr_s2,pSeva221,10,1.1646558638618218
243,KT2440,Srpr_s2,pSeva221,20,1.2354822536338692
244,KT2440,Srpr_s2,pSeva221,30,1.07063424376943
245,KT2440,Srpr_s2,pSeva221,40,1.0619890539920105
246,KT2440,Srpr_s2,pSeva221,70,1.021443957996535
247,KT2440,Srpr_s2,pSeva221,100,0.9744048657178694
248,KT2440,Srpr_s2,pSeva221,200,0.9478261376959596
249,KT2440,Srpr_s2,pSeva221,500,0.7949714072218723
250,KT2440,Srpr_s2,pSeva221,1000,0.5762218166702769
251,KT2440,Srpr_s2,pSeva221,2000,0.3330002033277609
252,KT2440,Srpr_s3,pSeva221,1,1.2387986254377443
253,KT2440,Srpr_s3,pSeva221,5,1.1144472099190266
254,KT2440,Srpr_s3,pSeva221,10,1.104721021359569
255,KT2440,Srpr_s3,pSeva221,20,1.0558712680034177
256,KT2440,Srpr_s3,pSeva221,30,0.9909962506645666
257,KT2440,Srpr_s3,pSeva221,40,0.9701169422707394
258,KT2440,Srpr_s3,pSeva221,70,0.944359466721592
259,KT2440,Srpr_s3,pSeva221,100,0.8950614240570371
260,KT2440,Srpr_s3,pSeva221,200,0.7211599054028822
261,KT2440,Srpr_s3,pSeva221,500,0.4888612801900255
262,KT2440,Srpr_s3,pSeva221,1000,0.2983469062393655
263,KT2440,Srpr_s3,pSeva221,2000,0.13883543072803733
264,KT2440,Srpr_s4,pSeva221,1,1.1881618603538595
265,KT2440,Srpr_s4,pSeva221,5,1.1230665398431905
266,KT2440,Srpr_s4,pSeva221,10,1.1054035257118446
267,KT2440,Srpr_s4,pSeva221,20,1.0433196356904608
268,KT2440,Srpr_s4,pSeva221,30,0.9988000840249698
269,KT2440,Srpr_s4,pSeva221,40,0.9847154332678943
270,KT2440,Srpr_s4,pSeva221,70,0.9677393242742296
271,KT2440,Srpr_s4,pSeva221,100,0.9273130582754912
272,KT2440,Srpr_s4,pSeva221,200,0.8245570306133033
273,KT2440,Srpr_s4,pSeva221,500,0.6411253589915193
274,KT2440,Srpr_s4,pSeva221,1000,0.4758660049032604
275,KT2440,Srpr_s4,pSeva221,2000,0.2793279993044737
276,DH5alpha,1201,pAN,1,0.3944300198016006
277,DH5alpha,1201,pAN,5,0.44882537872856176
278,DH5alpha,1201,pAN,10,0.4003093455285235
279,DH5alpha,1201,pAN,20,0.3968210160696824
280,DH5alpha,1201,pAN,30,0.3701313556743205
281,DH5alpha,1201,pAN,40,0.3719724514311198
282,DH5alpha,1201,pAN,70,0.378513105036135
283,DH5alpha,1201,pAN,100,0.3819253100514493
284,DH5alpha,1201,pAN,200,0.37062303327001983
285,DH5alpha,1201,pAN,500,0.38216867689460055
286,DH5alpha,1201,pAN,1000,0.3324187874032732
287,DH5alpha,1201,pAN,2000,0.3454944198350009
288,DH5alpha,1717,pAN,1,1.0136854916313456
289,DH5alpha,1717,pAN,5,0.9574449024151538
290,DH5alpha,1717,pAN,10,0.8849657947324878
291,DH5alpha,1717,pAN,20,1.041799965135027
292,DH5alpha,1717,pAN,30,1.357418439723183
293,DH5alpha,1717,pAN,40,0.9442802084539426
294,DH5alpha,1717,pAN,70,0.7076849352243751
295,DH5alpha,1717,pAN,100,0.7863267124335562
296,DH5alpha,1717,pAN,200,1.2861366083142731
297,DH5alpha,1717,pAN,500,1.0043956980961375
298,DH5alpha,1717,pAN,1000,0.8551922953189565
299,DH5alpha,1717,pAN,2000,1.2710793474094009
300,DH5alpha,1818,pAN,1,0.33392171230879103
301,DH5alpha,1818,pAN,5,0.24785151716335044
302,DH5alpha,1818,pAN,10,0.3106547944202539
303,DH5alpha,1818,pAN,20,0.4598955984950901
304,DH5alpha,1818,pAN,30,0.7769639665072001
305,DH5alpha,1818,pAN,40,0.912813267975376
306,DH5alpha,1818,pAN,70,1.6244597641189966
307,DH5alpha,1818,pAN,100,1.8670273247741245
308,DH5alpha,1818,pAN,200,1.921403220068196
309,DH5alpha,1818,pAN,500,2.040334406933836
310,DH5alpha,1818,pAN,1000,2.435174739990338
311,DH5alpha,1818,pAN,2000,3.6529198122048765
312,DH5alpha,Amer_f1,pAN,1,7.243444802178552
313,DH5alpha,Amer_f1,pAN,5,8.025482380223915
314,DH5alpha,Amer_f1,pAN,10,7.364307890049878
315,DH5alpha,Amer_f1,pAN,20,5.9565705797713795
316,DH5alpha,Amer_f1,pAN,30,5.669354830625752
317,DH5alpha,Amer_f1,pAN,40,3.1501781030145257
318,DH5alpha,Amer_f1,pAN,70,1.8993779565468767
319,DH5alpha,Amer_f1,pAN,100,1.7021062958345563
320,DH5alpha,Amer_f1,pAN,200,1.948334154775121
321,DH5alpha,Amer_f1,pAN,500,1.340947271489277
322,DH5alpha,Amer_f1,pAN,1000,1.1866559877375211
323,DH5alpha,Amer_f1,pAN,2000,1.5851897153082457
324,DH5alpha,Amtr_a1,pAN,1,1.3786933808258883
325,DH5alpha,Amtr_a1,pAN,5,0.7110532203029505
326,DH5alpha,Amtr_a1,pAN,10,0.4101879491793536
327,DH5alpha,Amtr_a1,pAN,20,0.3522309929921517
328,DH5alpha,Amtr_a1,pAN,30,0.3469456134188427
329,DH5alpha,Amtr_a1,pAN,40,0.3386951995830507
330,DH5alpha,Amtr_a1,pAN,70,0.3645872002484112
331,DH5alpha,Amtr_a1,pAN,100,0.37129818544104826
332,DH5alpha,Amtr_a1,pAN,200,0.3737593025546127
333,DH5alpha,Amtr_a1,pAN,500,0.4034888188344552
334,DH5alpha,Amtr_a1,pAN,1000,0.3398702538324835
335,DH5alpha,Amtr_a1,pAN,2000,0.26067570739803897
336,DH5alpha,Beti_e1,pAN,1,3.7500361019647537
337,DH5alpha,Beti_e1,pAN,5,3.5788247754480396
338,DH5alpha,Beti_e1,pAN,10,2.0806268154911995
339,DH5alpha,Beti_e1,pAN,20,0.9251473432239126
340,DH5alpha,Beti_e1,pAN,30,0.4068454249195633
341,DH5alpha,Beti_e1,pAN,40,0.3786084426696277
342,DH5alpha,Beti_e1,pAN,70,0.32816350994675303
343,DH5alpha,Beti_e1,pAN,100,0.3946655755342959
344,DH5alpha,Beti_e1,pAN,200,0.34446008116163784
345,DH5alpha,Beti_e1,pAN,500,0.3648776894060027
346,DH5alpha,Beti_e1,pAN,1000,0.3533382375950592
347,DH5alpha,Beti_e1,pAN,2000,0.3676536194833377
348,DH5alpha,Bm3r1_b1,pAN,1,0.5918724088230258
349,DH5alpha,Bm3r1_b1,pAN,5,0.35378547889692114
350,DH5alpha,Bm3r1_b1,pAN,10,0.3551838585755913
351,DH5alpha,Bm3r1_b1,pAN,20,0.29749462696964435
352,DH5alpha,Bm3r1_b1,pAN,30,0.319582831491454
353,DH5alpha,Bm3r1_b1,pAN,40,0.35226633322066914
354,DH5alpha,Bm3r1_b1,pAN,70,0.29243160458164963
355,DH5alpha,Bm3r1_b1,pAN,100,0.2886863714112851
356,DH5alpha,Bm3r1_b1,pAN,200,0.2950209210266487
357,DH5alpha,Bm3r1_b1,pAN,500,0.2556650903382076
358,DH5alpha,Bm3r1_b1,pAN,1000,0.2418610483248574
359,DH5alpha,Bm3r1_b1,pAN,2000,0.2640674843017635
360,DH5alpha,Bm3r1_b2,pAN,1,0.7170414974615145
361,DH5alpha,Bm3r1_b2,pAN,5,0.7149431403985165
362,DH5alpha,Bm3r1_b2,pAN,10,0.4851290104201016
363,DH5alpha,Bm3r1_b2,pAN,20,0.44508114304203994
364,DH5alpha,Bm3r1_b2,pAN,30,0.33762112553763696
365,DH5alpha,Bm3r1_b2,pAN,40,0.33289542168161
366,DH5alpha,Bm3r1_b2,pAN,70,0.33804416123904235
367,DH5alpha,Bm3r1_b2,pAN,100,0.3448584418666801
368,DH5alpha,Bm3r1_b2,pAN,200,0.3470815136453564
369,DH5alpha,Bm3r1_b2,pAN,500,0.3218706192416871
370,DH5alpha,Bm3r1_b2,pAN,1000,0.30876299962361914
371,DH5alpha,Bm3r1_b2,pAN,2000,0.2592786187708521
372,DH5alpha,Bm3r1_b3,pAN,1,0.6550215430226808
373,DH5alpha,Bm3r1_b3,pAN,5,0.5763349517918913
374,DH5alpha,Bm3r1_b3,pAN,10,0.39595816849840093
375,DH5alpha,Bm3r1_b3,pAN,20,0.3195986754939877
376,DH5alpha,Bm3r1_b3,pAN,30,0.3084559306611633
377,DH5alpha,Bm3r1_b3,pAN,40,0.3033599199002211
378,DH5alpha,Bm3r1_b3,pAN,70,0.3103719443152539
379,DH5alpha,Bm3r1_b3,pAN,100,0.2898700942786029
380,DH5alpha,Bm3r1_b3,pAN,200,0.2727332378728993
381,DH5alpha,Bm3r1_b3,pAN,500,0.32649985288027744
382,DH5alpha,Bm3r1_b3,pAN,1000,0.29066246465282897
383,DH5alpha,Bm3r1_b3,pAN,2000,0.379544722535167
384,DH5alpha,Hiyiir_h1,pAN,1,2.5682545116596347
385,DH5alpha,Hiyiir_h1,pAN,5,1.2284771778251904
386,DH5alpha,Hiyiir_h1,pAN,10,0.5852852006943834
387,DH5alpha,Hiyiir_h1,pAN,20,0.2656420750134571
388,DH5alpha,Hiyiir_h1,pAN,30,0.2305528142086716
389,DH5alpha,Hiyiir_h1,pAN,40,0.2270123225119569
390,DH5alpha,Hiyiir_h1,pAN,70,0.2462522772376525
391,DH5alpha,Hiyiir_h1,pAN,100,0.21742590621764776
392,DH5alpha,Hiyiir_h1,pAN,200,0.2444485315933404
393,DH5alpha,Hiyiir_h1,pAN,500,0.2263095753947276
394,DH5alpha,Hiyiir_h1,pAN,1000,0.23269947269948965
395,DH5alpha,Hiyiir_h1,pAN,2000,0.2576158716407455
396,DH5alpha,Lcara_i1,pAN,1,2.2618554168691265
397,DH5alpha,Lcara_i1,pAN,5,1.3153043742670878
398,DH5alpha,Lcara_i1,pAN,10,1.6639205286514598
399,DH5alpha,Lcara_i1,pAN,20,0.4645193351625792
400,DH5alpha,Lcara_i1,pAN,30,0.3783521668000723
401,DH5alpha,Lcara_i1,pAN,40,0.35456354647442617
402,DH5alpha,Lcara_i1,pAN,70,0.3193299705887361
403,DH5alpha,Lcara_i1,pAN,100,0.33118749247132595
404,DH5alpha,Lcara_i1,pAN,200,0.3164723848372455
405,DH5alpha,Lcara_i1,pAN,500,0.2776931729881569
406,DH5alpha,Lcara_i1,pAN,1000,0.27141192473574144
407,DH5alpha,Lcara_i1,pAN,2000,0.2283317880475885
408,DH5alpha,Litr_l1,pAN,1,7.861127274751858
409,DH5alpha,Litr_l1,pAN,5,5.261412730886998
410,DH5alpha,Litr_l1,pAN,10,3.2726133198757466
411,DH5alpha,Litr_l1,pAN,20,1.091959544790006
412,DH5alpha,Litr_l1,pAN,30,0.5187000324655813
413,DH5alpha,Litr_l1,pAN,40,0.4291183326805045
414,DH5alpha,Litr_l1,pAN,70,0.3649733307041929
415,DH5alpha,Litr_l1,pAN,100,0.41964763664724347
416,DH5alpha,Litr_l1,pAN,200,0.3471370951604369
417,DH5alpha,Litr_l1,pAN,500,0.3581105865535883
418,DH5alpha,Litr_l1,pAN,1000,0.3561717417668868
419,DH5alpha,Litr_l1,pAN,2000,0.3280452908876428
420,DH5alpha,Lmra_n1,pAN,1,1.8376157168197635
421,DH5alpha,Lmra_n1,pAN,5,1.2202430117799468
422,DH5alpha,Lmra_n1,pAN,10,0.8074867195191244
423,DH5alpha,Lmra_n1,pAN,20,0.3980582574402775
424,DH5alpha,Lmra_n1,pAN,30,0.3129537795657836
425,DH5alpha,Lmra_n1,pAN,40,0.3237690937720325
426,DH5alpha,Lmra_n1,pAN,70,0.3189694333310039
427,DH5alpha,Lmra_n1,pAN,100,0.3745922365889684
428,DH5alpha,Lmra_n1,pAN,200,0.3733637390380313
429,DH5alpha,Lmra_n1,pAN,500,0.3696589506629504
430,DH5alpha,Lmra_n1,pAN,1000,0.3336089624228856
431,DH5alpha,Lmra_n1,pAN,2000,0.3797307299564314
432,DH5alpha,Phif_p1,pAN,1,5.948768148257271
433,DH5alpha,Phif_p1,pAN,5,0.6174196722536182
434,DH5alpha,Phif_p1,pAN,10,0.312564590602666
435,DH5alpha,Phif_p1,pAN,20,0.3060422517205497
436,DH5alpha,Phif_p1,pAN,30,0.3031649730571398
437,DH5alpha,Phif_p1,pAN,40,0.27618008144761114
438,DH5alpha,Phif_p1,pAN,70,0.2880222994731264
439,DH5alpha,Phif_p1,pAN,100,0.32011963546710576
440,DH5alpha,Phif_p1,pAN,200,0.2896373934136329
441,DH5alpha,Phif_p1,pAN,500,0.2974706009158698
442,DH5alpha,Phif_p1,pAN,1000,0.2698298320887018
443,DH5alpha,Phif_p1,pAN,2000,0.3065532599386447
444,DH5alpha,Phif_p2,pAN,1,10.85184498412207
445,DH5alpha,Phif_p2,pAN,5,7.6570596206909265
446,DH5alpha,Phif_p2,pAN,10,4.544085586373184
447,DH5alpha,Phif_p2,pAN,20,1.2513067890695144
448,DH5alpha,Phif_p2,pAN,30,0.3992921278190608
449,DH5alpha,Phif_p2,pAN,40,0.3064494691830051
450,DH5alpha,Phif_p2,pAN,70,0.3232214289136924
451,DH5alpha,Phif_p2,pAN,100,0.3580771549964256
452,DH5alpha,Phif_p2,pAN,200,0.2979040633952343
453,DH5alpha,Phif_p2,pAN,500,0.3167865339100381
454,DH5alpha,Phif_p2,pAN,1000,0.2700761020927325
455,DH5alpha,Phif_p2,pAN,2000,0.2949136666953436
456,DH5alpha,Phif_p3,pAN,1,11.763118573742142
457,DH5alpha,Phif_p3,pAN,5,5.9883435819650686
458,DH5alpha,Phif_p3,pAN,10,2.3245749206215884
459,DH5alpha,Phif_p3,pAN,20,0.4399278911037425
460,DH5alpha,Phif_p3,pAN,30,0.34271643692613424
461,DH5alpha,Phif_p3,pAN,40,0.2793006760621669
462,DH5alpha,Phif_p3,pAN,70,0.2515163262825205
463,DH5alpha,Phif_p3,pAN,100,0.2286755423132273
464,DH5alpha,Phif_p3,pAN,200,0.26391916769393603
465,DH5alpha,Phif_p3,pAN,500,0.24899268016761555
466,DH5alpha,Phif_p3,pAN,1000,0.24923066199284766
467,DH5alpha,Phif_p3,pAN,2000,0.22287760604862056
468,DH5alpha,Psra_r1,pAN,1,8.121031204256804
469,DH5alpha,Psra_r1,pAN,5,3.7440590492471073
470,DH5alpha,Psra_r1,pAN,10,1.5327333466749575
471,DH5alpha,Psra_r1,pAN,20,0.4011765460754389
472,DH5alpha,Psra_r1,pAN,30,0.14697793035528786
473,DH5alpha,Psra_r1,pAN,40,0.26406316806711005
474,DH5alpha,Psra_r1,pAN,70,0.7522212321120849
475,DH5alpha,Psra_r1,pAN,100,0.8175307559333559
476,DH5alpha,Psra_r1,pAN,200,0.8456131614868969
477,DH5alpha,Psra_r1,pAN,500,0.8448813850435086
478,DH5alpha,Psra_r1,pAN,1000,0.8206106373395509
479,DH5alpha,Psra_r1,pAN,2000,0.34096338826452943
480,DH5alpha,Qacr_q1,pAN,1,1.8067734085988159
481,DH5alpha,Qacr_q1,pAN,5,0.5788074240577156
482,DH5alpha,Qacr_q1,pAN,10,0.14230133643561807
483,DH5alpha,Qacr_q1,pAN,20,0.013771706637325735
484,DH5alpha,Qacr_q1,pAN,30,0.01718749406756694
485,DH5alpha,Qacr_q1,pAN,40,0.015385357496920224
486,DH5alpha,Qacr_q1,pAN,70,0.0006456679399474593
487,DH5alpha,Qacr_q1,pAN,100,0.014309914701870931
488,DH5alpha,Qacr_q1,pAN,200,0.3510868197204829
489,DH5alpha,Qacr_q1,pAN,500,0.4281928942053196
490,DH5alpha,Qacr_q1,pAN,1000,0.2987491932862357
491,DH5alpha,Qacr_q1,pAN,2000,0.14236099242280978
492,DH5alpha,Qacr_q2,pAN,1,5.053462222421095
493,DH5alpha,Qacr_q2,pAN,5,2.3628656074272296
494,DH5alpha,Qacr_q2,pAN,10,1.0540648586704802
495,DH5alpha,Qacr_q2,pAN,20,0.13762157918989348
496,DH5alpha,Qacr_q2,pAN,30,0.03548131480622769
497,DH5alpha,Qacr_q2,pAN,40,0.06340388495942527
498,DH5alpha,Qacr_q2,pAN,70,0.05746266995582675
499,DH5alpha,Qacr_q2,pAN,100,0.04211394687552097
500,DH5alpha,Qacr_q2,pAN,200,0.0425854619542406
501,DH5alpha,Qacr_q2,pAN,500,0.05192447406226895
502,DH5alpha,Qacr_q2,pAN,1000,0.07564304061426863
503,DH5alpha,Qacr_q2,pAN,2000,0.09101978563471286
504,DH5alpha,Srpr_s1,pAN,1,0.7861680828194836
505,DH5alpha,Srpr_s1,pAN,5,0.12058388779073707
506,DH5alpha,Srpr_s1,pAN,10,0.06413487844298753
507,DH5alpha,Srpr_s1,pAN,20,0.03799236857639898
508,DH5alpha,Srpr_s1,pAN,30,0.053637905234760384
509,DH5alpha,Srpr_s1,pAN,40,0.06609876437407645
510,DH5alpha,Srpr_s1,pAN,70,0.06843054142571088
511,DH5alpha,Srpr_s1,pAN,100,0.07454971865033505
512,DH5alpha,Srpr_s1,pAN,200,0.08843699038878268
513,DH5alpha,Srpr_s1,pAN,500,0.06446984711974563
514,DH5alpha,Srpr_s1,pAN,1000,0.0937390592075808
515,DH5alpha,Srpr_s1,pAN,2000,0.08121332430856018
516,DH5alpha,Srpr_s2,pAN,1,2.209609833503288
517,DH5alpha,Srpr_s2,pAN,5,1.145034345662472
518,DH5alpha,Srpr_s2,pAN,10,0.7881423272677233
519,DH5alpha,Srpr_s2,pAN,20,0.18658356668018972
520,DH5alpha,Srpr_s2,pAN,30,0.07741741520562273
521,DH5alpha,Srpr_s2,pAN,40,0.06901641703657664
522,DH5alpha,Srpr_s2,pAN,70,0.023585093054204274
523,DH5alpha,Srpr_s2,pAN,100,0.03880967560684052
524,DH5alpha,Srpr_s2,pAN,200,0.0580310264735828
525,DH5alpha,Srpr_s2,pAN,500,0.04603019627137296
526,DH5alpha,Srpr_s2,pAN,1000,0.04019877819966433
527,DH5alpha,Srpr_s2,pAN,2000,0.0749250708854373
528,DH5alpha,Srpr_s3,pAN,1,2.1385210468200326
529,DH5alpha,Srpr_s3,pAN,5,0.9316890112581724
530,DH5alpha,Srpr_s3,pAN,10,0.4283555757769682
531,DH5alpha,Srpr_s3,pAN,20,0.12028365796684196
532,DH5alpha,Srpr_s3,pAN,30,0.03184331142265053
533,DH5alpha,Srpr_s3,pAN,40,0.021623303928723827
534,DH5alpha,Srpr_s3,pAN,70,0.01693691553457114
535,DH5alpha,Srpr_s3,pAN,100,0.01112830994342308
536,DH5alpha,Srpr_s3,pAN,200,0.005919885009513078
537,DH5alpha,Srpr_s3,pAN,500,0.0
538,DH5alpha,Srpr_s3,pAN,1000,0.009350701599427629
539,DH5alpha,Srpr_s3,pAN,2000,0.027234201617734613
540,DH5alpha,Srpr_s4,pAN,1,1.9690508880146012
541,DH5alpha,Srpr_s4,pAN,5,1.5133179168598996
542,DH5alpha,Srpr_s4,pAN,10,1.080723655280396
543,DH5alpha,Srpr_s4,pAN,20,0.6190253360848146
544,DH5alpha,Srpr_s4,pAN,30,0.153087971580343
545,DH5alpha,Srpr_s4,pAN,40,0.1034587536972162
546,DH5alpha,Srpr_s4,pAN,70,0.060735436599963125
547,DH5alpha,Srpr_s4,pAN,100,0.06227958003613211
548,DH5alpha,Srpr_s4,pAN,200,0.1441834117416363
549,DH5alpha,Srpr_s4,pAN,500,0.06074599959738579
550,DH5alpha,Srpr_s4,pAN,1000,0.07988497337903873
551,DH5alpha,Srpr_s4,pAN,2000,0.052174121338133685
552,DH5alpha,1201,pSeva221,1,0.15433495301164588
553,DH5alpha,1201,pSeva221,5,0.13372984263641627
554,DH5alpha,1201,pSeva221,10,0.14707327431846348
555,DH5alpha,1201,pSeva221,20,0.12906352869226173
556,DH5alpha,1201,pSeva221,30,0.15190258350607005
557,DH5alpha,1201,pSeva221,40,0.14015686782949696
558,DH5alpha,1201,pSeva221,70,0.1325768876513482
559,DH5alpha,1201,pSeva221,100,0.1346605310670778
560,DH5alpha,1201,pSeva221,200,0.12745295391841327
561,DH5alpha,1201,pSeva221,500,0.12576351818472362
562,DH5alpha,1201,pSeva221,1000,0.13174338291117355
563,DH5alpha,1201,pSeva221,2000,0.12766470218437925
564,DH5alpha,1717,pSeva221,1,1.5668060418754408
565,DH5alpha,1717,pSeva221,5,1.095700618366662
566,DH5alpha,1717,pSeva221,10,1.1488290380922812
567,DH5alpha,1717,pSeva221,20,0.5985018454188942
568,DH5alpha,1717,pSeva221,30,0.6628668124047645
569,DH5alpha,1717,pSeva221,40,0.6934706146032805
570,DH5alpha,1717,pSeva221,70,1.7970046875948065
571,DH5alpha,1717,pSeva221,100,1.3497305913700903
572,DH5alpha,1717,pSeva221,200,0.5960173092677609
573,DH5alpha,1717,pSeva221,500,0.9819008055555384
574,DH5alpha,1717,pSeva221,1000,1.2746000533967334
575,DH5alpha,1717,pSeva221,2000,0.8990885398985952
576,DH5alpha,1818,pSeva221,1,0.12579843585158798
577,DH5alpha,1818,pSeva221,5,0.12478554163611233
578,DH5alpha,1818,pSeva221,10,0.13302793931980236
579,DH5alpha,1818,pSeva221,20,0.15291727722276918
580,DH5alpha,1818,pSeva221,30,0.2768573155854485
581,DH5alpha,1818,pSeva221,40,0.4949691839858054
582,DH5alpha,1818,pSeva221,70,1.3108673071980617
583,DH5alpha,1818,pSeva221,100,2.2307544105353374
584,DH5alpha,1818,pSeva221,200,1.2858890153199418
585,DH5alpha,1818,pSeva221,500,1.5796929078933373
586,DH5alpha,1818,pSeva221,1000,2.314063916010189
587,DH5alpha,1818,pSeva221,2000,2.4744734081057795
588,DH5alpha,Amer_f1,pSeva221,1,9.006834790375835
589,DH5alpha,Amer_f1,pSeva221,5,5.8144216393076285
590,DH5alpha,Amer_f1,pSeva221,10,5.21679841201375
591,DH5alpha,Amer_f1,pSeva221,20,3.6339234422700177
592,DH5alpha,Amer_f1,pSeva221,30,2.0139505070588464
593,DH5alpha,Amer_f1,pSeva221,40,2.4210151832991182
594,DH5alpha,Amer_f1,pSeva221,70,2.4518868556808733
595,DH5alpha,Amer_f1,pSeva221,100,1.9383772659491505
596,DH5alpha,Amer_f1,pSeva221,200,0.8187395965868286
597,DH5alpha,Amer_f1,pSeva221,500,0.8413536521179005
598,DH5alpha,Amer_f1,pSeva221,1000,1.2843929656539712
599,DH5alpha,Amer_f1,pSeva221,2000,1.2996586077909082
600,DH5alpha,Amtr_a1,pSeva221,1,0.3886985624304044
601,DH5alpha,Amtr_a1,pSeva221,5,0.14537892814877254
602,DH5alpha,Amtr_a1,pSeva221,10,0.1361244709098875
603,DH5alpha,Amtr_a1,pSeva221,20,0.12177669291841985
604,DH5alpha,Amtr_a1,pSeva221,30,0.11617623125534254
605,DH5alpha,Amtr_a1,pSeva221,40,0.1219229924547836
606,DH5alpha,Amtr_a1,pSeva221,70,0.13091383181658345
607,DH5alpha,Amtr_a1,pSeva221,100,0.10575325195454686
608,DH5alpha,Amtr_a1,pSeva221,200,0.08126128449294062
609,DH5alpha,Amtr_a1,pSeva221,500,0.07909745334618301
610,DH5alpha,Amtr_a1,pSeva221,1000,0.0792867741319578
611,DH5alpha,Amtr_a1,pSeva221,2000,0.07156764538383731
612,DH5alpha,Beti_e1,pSeva221,1,2.9590931233911717
613,DH5alpha,Beti_e1,pSeva221,5,0.9930427072555608
614,DH5alpha,Beti_e1,pSeva221,10,0.6305388521592377
615,DH5alpha,Beti_e1,pSeva221,20,0.16553721808780156
616,DH5alpha,Beti_e1,pSeva221,30,0.1369049758146393
617,DH5alpha,Beti_e1,pSeva221,40,0.12221761002978583
618,DH5alpha,Beti_e1,pSeva221,70,0.1292905065246342
619,DH5alpha,Beti_e1,pSeva221,100,0.15615313388911767
620,DH5alpha,Beti_e1,pSeva221,200,0.1485837441083441
621,DH5alpha,Beti_e1,pSeva221,500,0.15561472582378888
622,DH5alpha,Beti_e1,pSeva221,1000,0.16527478952169675
623,DH5alpha,Beti_e1,pSeva221,2000,0.17422536389937626
624,DH5alpha,Bm3r1_b1,pSeva221,1,0.13671561772765098
625,DH5alpha,Bm3r1_b1,pSeva221,5,0.12406754450250702
626,DH5alpha,Bm3r1_b1,pSeva221,10,0.13380919658345086
627,DH5alpha,Bm3r1_b1,pSeva221,20,0.12190901792142735
628,DH5alpha,Bm3r1_b1,pSeva221,30,0.12322386464187482
629,DH5alpha,Bm3r1_b1,pSeva221,40,0.11664201680273666
630,DH5alpha,Bm3r1_b1,pSeva221,70,0.1199913241336136
631,DH5alpha,Bm3r1_b1,pSeva221,100,0.12289547466715713
632,DH5alpha,Bm3r1_b1,pSeva221,200,0.11852332787404768
633,DH5alpha,Bm3r1_b1,pSeva221,500,0.12966388858188513
634,DH5alpha,Bm3r1_b1,pSeva221,1000,0.1202195295374104
635,DH5alpha,Bm3r1_b1,pSeva221,2000,0.11410277508655813
636,DH5alpha,Bm3r1_b2,pSeva221,1,0.1211675885848962
637,DH5alpha,Bm3r1_b2,pSeva221,5,0.10705266367110963
638,DH5alpha,Bm3r1_b2,pSeva221,10,0.0698028475842613
639,DH5alpha,Bm3r1_b2,pSeva221,20,0.01995413895878248
640,DH5alpha,Bm3r1_b2,pSeva221,30,0.0356218587077678
641,DH5alpha,Bm3r1_b2,pSeva221,40,0.04163883028152423
642,DH5alpha,Bm3r1_b2,pSeva221,70,0.02747214518376701
643,DH5alpha,Bm3r1_b2,pSeva221,100,0.0
644,DH5alpha,Bm3r1_b2,pSeva221,200,0.03884667027227055
645,DH5alpha,Bm3r1_b2,pSeva221,500,0.08775487370704924
646,DH5alpha,Bm3r1_b2,pSeva221,1000,0.10856129983810303
647,DH5alpha,Bm3r1_b2,pSeva221,2000,0.104567883361108
648,DH5alpha,Bm3r1_b3,pSeva221,1,0.6379142566244997
649,DH5alpha,Bm3r1_b3,pSeva221,5,0.4808483187608266
650,DH5alpha,Bm3r1_b3,pSeva221,10,0.4420532522871046
651,DH5alpha,Bm3r1_b3,pSeva221,20,0.3132723853242782
652,DH5alpha,Bm3r1_b3,pSeva221,30,0.21658532839056707
653,DH5alpha,Bm3r1_b3,pSeva221,40,0.1732667245517844
654,DH5alpha,Bm3r1_b3,pSeva221,70,0.12537664285728836
655,DH5alpha,Bm3r1_b3,pSeva221,100,0.12951010204094265
656,DH5alpha,Bm3r1_b3,pSeva221,200,0.11232877862594466
657,DH5alpha,Bm3r1_b3,pSeva221,500,0.12144843393703672
658,DH5alpha,Bm3r1_b3,pSeva221,1000,0.13073028133996745
659,DH5alpha,Bm3r1_b3,pSeva221,2000,0.11927128791435555
660,DH5alpha,Hiyiir_h1,pSeva221,1,0.1257838880064963
661,DH5alpha,Hiyiir_h1,pSeva221,5,0.1188402301112118
662,DH5alpha,Hiyiir_h1,pSeva221,10,0.11506416805433815
663,DH5alpha,Hiyiir_h1,pSeva221,20,0.11762655034316427
664,DH5alpha,Hiyiir_h1,pSeva221,30,0.11068886956823346
665,DH5alpha,Hiyiir_h1,pSeva221,40,0.1143487403180649
666,DH5alpha,Hiyiir_h1,pSeva221,70,0.1246909596002451
667,DH5alpha,Hiyiir_h1,pSeva221,100,0.12219036863905693
668,DH5alpha,Hiyiir_h1,pSeva221,200,0.1077039250316912
669,DH5alpha,Hiyiir_h1,pSeva221,500,0.09592498148616327
670,DH5alpha,Hiyiir_h1,pSeva221,1000,0.07920400011926669
671,DH5alpha,Hiyiir_h1,pSeva221,2000,0.08785544877132771
672,DH5alpha,Lcara_i1,pSeva221,1,0.4937342026904318
673,DH5alpha,Lcara_i1,pSeva221,5,0.19601800656965154
674,DH5alpha,Lcara_i1,pSeva221,10,0.15915014714259978
675,DH5alpha,Lcara_i1,pSeva221,20,0.13081482069443426
676,DH5alpha,Lcara_i1,pSeva221,30,0.1232208466827354
677,DH5alpha,Lcara_i1,pSeva221,40,0.12261390423317622
678,DH5alpha,Lcara_i1,pSeva221,70,0.12167633324810345
679,DH5alpha,Lcara_i1,pSeva221,100,0.11199367705263308
680,DH5alpha,Lcara_i1,pSeva221,200,0.10326244301165076
681,DH5alpha,Lcara_i1,pSeva221,500,0.09479166866745156
682,DH5alpha,Lcara_i1,pSeva221,1000,0.08076873829755123
683,DH5alpha,Lcara_i1,pSeva221,2000,0.08990209990871707
684,DH5alpha,Litr_l1,pSeva221,1,1.6040485371031767
685,DH5alpha,Litr_l1,pSeva221,5,0.6114723181580112
686,DH5alpha,Litr_l1,pSeva221,10,0.35781090733184623
687,DH5alpha,Litr_l1,pSeva221,20,0.15652659833204166
688,DH5alpha,Litr_l1,pSeva221,30,0.1445573910594456
689,DH5alpha,Litr_l1,pSeva221,40,0.13523864054686932
690,DH5alpha,Litr_l1,pSeva221,70,0.1421358266140083
691,DH5alpha,Litr_l1,pSeva221,100,0.1421005404448971
692,DH5alpha,Litr_l1,pSeva221,200,0.13916522435039186
693,DH5alpha,Litr_l1,pSeva221,500,0.15822133483419026
694,DH5alpha,Litr_l1,pSeva221,1000,0.14435441091889414
695,DH5alpha,Litr_l1,pSeva221,2000,0.14459529488656314
696,DH5alpha,Lmra_n1,pSeva221,1,0.33525888747693744
697,DH5alpha,Lmra_n1,pSeva221,5,0.2501574292766956
698,DH5alpha,Lmra_n1,pSeva221,10,0.16584585895875273
699,DH5alpha,Lmra_n1,pSeva221,20,0.127988652787215
700,DH5alpha,Lmra_n1,pSeva221,30,0.12193152016776945
701,DH5alpha,Lmra_n1,pSeva221,40,0.12358154377453855
702,DH5alpha,Lmra_n1,pSeva221,70,0.1344243820148588
703,DH5alpha,Lmra_n1,pSeva221,100,0.16084927478495747
704,DH5alpha,Lmra_n1,pSeva221,200,0.14452811114859698
705,DH5alpha,Lmra_n1,pSeva221,500,0.17095877631141024
706,DH5alpha,Lmra_n1,pSeva221,1000,0.18724432383027734
707,DH5alpha,Lmra_n1,pSeva221,2000,0.15388645569508447
708,DH5alpha,Phif_p1,pSeva221,1,6.209556420753727
709,DH5alpha,Phif_p1,pSeva221,5,5.49955536063318
710,DH5alpha,Phif_p1,pSeva221,10,5.281209930485503
711,DH5alpha,Phif_p1,pSeva221,20,4.4363339149188326
712,DH5alpha,Phif_p1,pSeva221,30,4.71334972152809
713,DH5alpha,Phif_p1,pSeva221,40,5.8177884482636335
714,DH5alpha,Phif_p1,pSeva221,70,4.568959513327684
715,DH5alpha,Phif_p1,pSeva221,100,4.488591773162248
716,DH5alpha,Phif_p1,pSeva221,200,4.571217374869972
717,DH5alpha,Phif_p1,pSeva221,500,5.790556508264111
718,DH5alpha,Phif_p1,pSeva221,1000,6.155714427608634
719,DH5alpha,Phif_p1,pSeva221,2000,5.602194087515687
720,DH5alpha,Phif_p2,pSeva221,1,5.700824041783125
721,DH5alpha,Phif_p2,pSeva221,5,3.696839304527293
722,DH5alpha,Phif_p2,pSeva221,10,3.3429122652574303
723,DH5alpha,Phif_p2,pSeva221,20,1.109061875175445
724,DH5alpha,Phif_p2,pSeva221,30,0.3360778636062327
725,DH5alpha,Phif_p2,pSeva221,40,0.2687625479738859
726,DH5alpha,Phif_p2,pSeva221,70,0.11905820590501355
727,DH5alpha,Phif_p2,pSeva221,100,0.11206307996697323
728,DH5alpha,Phif_p2,pSeva221,200,0.11024599419115576
729,DH5alpha,Phif_p2,pSeva221,500,0.13408872310170758
730,DH5alpha,Phif_p2,pSeva221,1000,0.12001978071658675
731,DH5alpha,Phif_p2,pSeva221,2000,0.11811719093201573
732,DH5alpha,Phif_p3,pSeva221,1,3.077944507977174
733,DH5alpha,Phif_p3,pSeva221,5,0.8156938188009535
734,DH5alpha,Phif_p3,pSeva221,10,0.20987390194388436
735,DH5alpha,Phif_p3,pSeva221,20,0.10672369955666013
736,DH5alpha,Phif_p3,pSeva221,30,0.10274190416815483
737,DH5alpha,Phif_p3,pSeva221,40,0.10325296768548474
738,DH5alpha,Phif_p3,pSeva221,70,0.026674949986706338
739,DH5alpha,Phif_p3,pSeva221,100,0.10095145104067008
740,DH5alpha,Phif_p3,pSeva221,200,0.10805184103332373
741,DH5alpha,Phif_p3,pSeva221,500,0.11535809625346535
742,DH5alpha,Phif_p3,pSeva221,1000,0.11936573749664173
743,DH5alpha,Phif_p3,pSeva221,2000,0.12262598847643395
744,DH5alpha,Psra_r1,pSeva221,1,0.3425983241650439
745,DH5alpha,Psra_r1,pSeva221,5,0.16727634803811653
746,DH5alpha,Psra_r1,pSeva221,10,0.1925172438812892
747,DH5alpha,Psra_r1,pSeva221,20,0.2449254709470799
748,DH5alpha,Psra_r1,pSeva221,30,0.2062109686418009
749,DH5alpha,Psra_r1,pSeva221,40,0.2063027662963153
750,DH5alpha,Psra_r1,pSeva221,70,0.2023845864966161
751,DH5alpha,Psra_r1,pSeva221,100,0.14301401645515105
752,DH5alpha,Psra_r1,pSeva221,200,0.037492156326864944
753,DH5alpha,Psra_r1,pSeva221,500,0.03397922393388972
754,DH5alpha,Psra_r1,pSeva221,1000,0.01912050127750078
755,DH5alpha,Psra_r1,pSeva221,2000,0.01747702901737024
756,DH5alpha,Qacr_q1,pSeva221,1,0.1176257344519932
757,DH5alpha,Qacr_q1,pSeva221,5,0.12038581585177001
758,DH5alpha,Qacr_q1,pSeva221,10,0.10308918729986907
759,DH5alpha,Qacr_q1,pSeva221,20,0.112423789418987
760,DH5alpha,Qacr_q1,pSeva221,30,0.11050170103198614
761,DH5alpha,Qacr_q1,pSeva221,40,0.10750626308441616
762,DH5alpha,Qacr_q1,pSeva221,70,0.13000749979291407
763,DH5alpha,Qacr_q1,pSeva221,100,0.04719506597722042
764,DH5alpha,Qacr_q1,pSeva221,200,0.012959943292825205
765,DH5alpha,Qacr_q1,pSeva221,500,0.010960866499998554
766,DH5alpha,Qacr_q1,pSeva221,1000,0.005966369534204021
767,DH5alpha,Qacr_q1,pSeva221,2000,0.004240621065900225
768,DH5alpha,Qacr_q2,pSeva221,1,0.5315391658505183
769,DH5alpha,Qacr_q2,pSeva221,5,0.2605367633698115
770,DH5alpha,Qacr_q2,pSeva221,10,0.12747383825153
771,DH5alpha,Qacr_q2,pSeva221,20,0.11414643648938268
772,DH5alpha,Qacr_q2,pSeva221,30,0.1022866136075156
773,DH5alpha,Qacr_q2,pSeva221,40,0.1051567744360118
774,DH5alpha,Qacr_q2,pSeva221,70,0.10288965451719363
775,DH5alpha,Qacr_q2,pSeva221,100,0.10923042265012396
776,DH5alpha,Qacr_q2,pSeva221,200,0.11209040256637408
777,DH5alpha,Qacr_q2,pSeva221,500,0.11482525435976346
778,DH5alpha,Qacr_q2,pSeva221,1000,0.11713004445056124
779,DH5alpha,Qacr_q2,pSeva221,2000,0.11058506869006307
780,DH5alpha,Srpr_s1,pSeva221,1,0.1716550573155692
781,DH5alpha,Srpr_s1,pSeva221,5,0.11795077681664573
782,DH5alpha,Srpr_s1,pSeva221,10,0.12395364015689925
783,DH5alpha,Srpr_s1,pSeva221,20,0.12296782165361855
784,DH5alpha,Srpr_s1,pSeva221,30,0.11311180405069182
785,DH5alpha,Srpr_s1,pSeva221,40,0.11490864229233028
786,DH5alpha,Srpr_s1,pSeva221,70,0.11763332113167252
787,DH5alpha,Srpr_s1,pSeva221,100,0.11595736356665047
788,DH5alpha,Srpr_s1,pSeva221,200,0.12099595547463213
789,DH5alpha,Srpr_s1,pSeva221,500,0.12563098442543466
790,DH5alpha,Srpr_s1,pSeva221,1000,0.1196610664763772
791,DH5alpha,Srpr_s1,pSeva221,2000,0.12648222012864144
792,DH5alpha,Srpr_s2,pSeva221,1,1.5765499579823825
793,DH5alpha,Srpr_s2,pSeva221,5,0.7682417329727121
794,DH5alpha,Srpr_s2,pSeva221,10,0.5322033248729431
795,DH5alpha,Srpr_s2,pSeva221,20,0.14972431688818288
796,DH5alpha,Srpr_s2,pSeva221,30,0.1111293546703018
797,DH5alpha,Srpr_s2,pSeva221,40,0.1181754706441634
798,DH5alpha,Srpr_s2,pSeva221,70,0.10481326289769287
799,DH5alpha,Srpr_s2,pSeva221,100,0.11326229298462676
800,DH5alpha,Srpr_s2,pSeva221,200,0.11702925388718588
801,DH5alpha,Srpr_s2,pSeva221,500,0.11292551728089363
802,DH5alpha,Srpr_s2,pSeva221,1000,0.10823315286996436
803,DH5alpha,Srpr_s2,pSeva221,2000,0.11666198103661635
804,DH5alpha,Srpr_s3,pSeva221,1,1.1733345561833126
805,DH5alpha,Srpr_s3,pSeva221,5,0.8792803201420369
806,DH5alpha,Srpr_s3,pSeva221,10,0.6050780888703607
807,DH5alpha,Srpr_s3,pSeva221,20,0.2700241267993434
808,DH5alpha,Srpr_s3,pSeva221,30,0.15500833378243856
809,DH5alpha,Srpr_s3,pSeva221,40,0.1399523513740165
810,DH5alpha,Srpr_s3,pSeva221,70,0.11679832784390948
811,DH5alpha,Srpr_s3,pSeva221,100,0.11419259301101198
812,DH5alpha,Srpr_s3,pSeva221,200,0.11500043135076245
813,DH5alpha,Srpr_s3,pSeva221,500,0.11306353501143178
814,DH5alpha,Srpr_s3,pSeva221,1000,0.11250506882670394
815,DH5alpha,Srpr_s3,pSeva221,2000,0.11056724180033667
816,DH5alpha,Srpr_s4,pSeva221,1,1.2213045501740956
817,DH5alpha,Srpr_s4,pSeva221,5,0.6969073133294399
818,DH5alpha,Srpr_s4,pSeva221,10,0.4785322177087651
819,DH5alpha,Srpr_s4,pSeva221,20,0.24092553614631165
820,DH5alpha,Srpr_s4,pSeva221,30,0.1412701611234937
821,DH5alpha,Srpr_s4,pSeva221,40,0.12165800456643115
822,DH5alpha,Srpr_s4,pSeva221,70,0.1231006539730047
823,DH5alpha,Srpr_s4,pSeva221,100,0.12129593662741707
824,DH5alpha,Srpr_s4,pSeva221,200,0.10367174960565696
825,DH5alpha,Srpr_s4,pSeva221,500,0.11849183256205433
826,DH5alpha,Srpr_s4,pSeva221,1000,0.12523106298070405
827,DH5alpha,Srpr_s4,pSeva221,2000,0.11814859384086608
828,DH5alpha,Empty,Empty,1,
829,DH5alpha,Empty,Empty,5,
830,CC118Lpir,1201,pSeva221,1,0.7317813286908271
831,CC118Lpir,1201,pSeva221,5,0.7315893467915292
832,CC118Lpir,1201,pSeva221,10,0.7357403020543282
833,CC118Lpir,1201,pSeva221,20,0.7005805471767415
834,CC118Lpir,1201,pSeva221,30,0.6674151397025374
835,CC118Lpir,1201,pSeva221,40,0.6683117421336406
836,CC118Lpir,1201,pSeva221,70,0.6651724659197893
837,CC118Lpir,1201,pSeva221,100,0.6901145029832713
838,CC118Lpir,1201,pSeva221,200,0.6558708035994908
839,CC118Lpir,1201,pSeva221,500,0.7152080795409479
840,CC118Lpir,1201,pSeva221,1000,0.7227499944436913
841,CC118Lpir,1201,pSeva221,2000,0.6713295479339734
842,CC118Lpir,1717,pSeva221,1,1.0170888873314208
843,CC118Lpir,1717,pSeva221,5,1.2771359182954125
844,CC118Lpir,1717,pSeva221,10,1.070726377960828
845,CC118Lpir,1717,pSeva221,20,0.8816561183803322
846,CC118Lpir,1717,pSeva221,30,0.9551344394547804
847,CC118Lpir,1717,pSeva221,40,0.9792478539188192
848,CC118Lpir,1717,pSeva221,70,1.1138953118538737
849,CC118Lpir,1717,pSeva221,100,0.8964568888685611
850,CC118Lpir,1717,pSeva221,200,0.9320235986586816
851,CC118Lpir,1717,pSeva221,500,0.8891536145832488
852,CC118Lpir,1717,pSeva221,1000,0.8665387338695182
853,CC118Lpir,1717,pSeva221,2000,1.1543819853304162
854,CC118Lpir,1818,pSeva221,1,0.6298839728237745
855,CC118Lpir,1818,pSeva221,5,0.6195372333184417
856,CC118Lpir,1818,pSeva221,10,0.6465831585487232
857,CC118Lpir,1818,pSeva221,20,0.6813697582630881
858,CC118Lpir,1818,pSeva221,30,0.7304895654154022
859,CC118Lpir,1818,pSeva221,40,0.8110099414876187
860,CC118Lpir,1818,pSeva221,70,1.2217257259701686
861,CC118Lpir,1818,pSeva221,100,1.248772021387936
862,CC118Lpir,1818,pSeva221,200,1.6242055412968135
863,CC118Lpir,1818,pSeva221,500,2.449608984919263
864,CC118Lpir,1818,pSeva221,1000,2.588903018011639
865,CC118Lpir,1818,pSeva221,2000,2.8414451999106363
866,CC118Lpir,Amer_f1,pSeva221,1,3.9708505570768873
867,CC118Lpir,Amer_f1,pSeva221,5,3.798033678023296
868,CC118Lpir,Amer_f1,pSeva221,10,4.327789198054719
869,CC118Lpir,Amer_f1,pSeva221,20,2.173590669100552
870,CC118Lpir,Amer_f1,pSeva221,30,2.5459666034251978
871,CC118Lpir,Amer_f1,pSeva221,40,3.0433921910845063
872,CC118Lpir,Amer_f1,pSeva221,70,1.6066483636211577
873,CC118Lpir,Amer_f1,pSeva221,100,1.5360914994387362
874,CC118Lpir,Amer_f1,pSeva221,200,0.9631032643999968
875,CC118Lpir,Amer_f1,pSeva221,500,1.0167013333413801
876,CC118Lpir,Amer_f1,pSeva221,1000,1.2362784995368856
877,CC118Lpir,Amer_f1,pSeva221,2000,1.1305406960658997
878,CC118Lpir,Amtr_a1,pSeva221,1,3.4174039598608776
879,CC118Lpir,Amtr_a1,pSeva221,5,1.177800182527819
880,CC118Lpir,Amtr_a1,pSeva221,10,0.7866992402861901
881,CC118Lpir,Amtr_a1,pSeva221,20,0.6464685233607022
882,CC118Lpir,Amtr_a1,pSeva221,30,0.6596404208357844
883,CC118Lpir,Amtr_a1,pSeva221,40,0.6208096051541013
884,CC118Lpir,Amtr_a1,pSeva221,70,0.6085878787617438
885,CC118Lpir,Amtr_a1,pSeva221,100,0.6671597196215732
886,CC118Lpir,Amtr_a1,pSeva221,200,0.5974746651929319
887,CC118Lpir,Amtr_a1,pSeva221,500,0.6001106264084446
888,CC118Lpir,Amtr_a1,pSeva221,1000,0.5694770874964884
889,CC118Lpir,Amtr_a1,pSeva221,2000,0.5936311140707222
890,CC118Lpir,Beti_e1,pSeva221,1,3.903614721224288
891,CC118Lpir,Beti_e1,pSeva221,5,2.8078666828383505
892,CC118Lpir,Beti_e1,pSeva221,10,1.5659428089924372
893,CC118Lpir,Beti_e1,pSeva221,20,0.9862080367461004
894,CC118Lpir,Beti_e1,pSeva221,30,0.7961540843382613
895,CC118Lpir,Beti_e1,pSeva221,40,0.713907366841131
896,CC118Lpir,Beti_e1,pSeva221,70,0.6843425401406817
897,CC118Lpir,Beti_e1,pSeva221,100,0.6370831960982554
898,CC118Lpir,Beti_e1,pSeva221,200,0.6192502044616235
899,CC118Lpir,Beti_e1,pSeva221,500,0.6763044222932824
900,CC118Lpir,Beti_e1,pSeva221,1000,0.6284314695923691
901,CC118Lpir,Beti_e1,pSeva221,2000,0.6432476301545251
902,CC118Lpir,Bm3r1_b1,pSeva221,1,0.7318057117230637
903,CC118Lpir,Bm3r1_b1,pSeva221,5,0.6811007368261836
904,CC118Lpir,Bm3r1_b1,pSeva221,10,0.6777696653932901
905,CC118Lpir,Bm3r1_b1,pSeva221,20,0.6736839759530138
906,CC118Lpir,Bm3r1_b1,pSeva221,30,0.7489219672206534
907,CC118Lpir,Bm3r1_b1,pSeva221,40,0.7415631312773646
908,CC118Lpir,Bm3r1_b1,pSeva221,70,0.7640773226312209
909,CC118Lpir,Bm3r1_b1,pSeva221,100,0.7188298056346138
910,CC118Lpir,Bm3r1_b1,pSeva221,200,0.6843724599090991
911,CC118Lpir,Bm3r1_b1,pSeva221,500,0.6921094501968764
912,CC118Lpir,Bm3r1_b1,pSeva221,1000,0.6374019090440249
913,CC118Lpir,Bm3r1_b1,pSeva221,2000,0.6746283572955011
914,CC118Lpir,Bm3r1_b2,pSeva221,1,0.6724824235125787
915,CC118Lpir,Bm3r1_b2,pSeva221,5,0.6250701375831584
916,CC118Lpir,Bm3r1_b2,pSeva221,10,0.6736450469332583
917,CC118Lpir,Bm3r1_b2,pSeva221,20,0.6599439537221099
918,CC118Lpir,Bm3r1_b2,pSeva221,30,0.6671732140943674
919,CC118Lpir,Bm3r1_b2,pSeva221,40,0.3510200715258947
920,CC118Lpir,Bm3r1_b2,pSeva221,70,0.16099062267347036
921,CC118Lpir,Bm3r1_b2,pSeva221,100,0.4716979117655821
922,CC118Lpir,Bm3r1_b2,pSeva221,200,0.14200467499035616
923,CC118Lpir,Bm3r1_b2,pSeva221,500,0.5154631648833686
924,CC118Lpir,Bm3r1_b2,pSeva221,1000,0.5950734059685611
925,CC118Lpir,Bm3r1_b2,pSeva221,2000,0.6096055022294693
926,CC118Lpir,Bm3r1_b3,pSeva221,1,1.1380563156844197
927,CC118Lpir,Bm3r1_b3,pSeva221,5,0.7698427324149857
928,CC118Lpir,Bm3r1_b3,pSeva221,10,0.8679371538631461
929,CC118Lpir,Bm3r1_b3,pSeva221,20,0.7311166958904709
930,CC118Lpir,Bm3r1_b3,pSeva221,30,0.6646671109492823
931,CC118Lpir,Bm3r1_b3,pSeva221,40,0.6704141137338903
932,CC118Lpir,Bm3r1_b3,pSeva221,70,0.6256795173154951
933,CC118Lpir,Bm3r1_b3,pSeva221,100,0.6217573849909893
934,CC118Lpir,Bm3r1_b3,pSeva221,200,0.5887594956913677
935,CC118Lpir,Bm3r1_b3,pSeva221,500,0.6274839208888591
936,CC118Lpir,Bm3r1_b3,pSeva221,1000,0.5573282976735832
937,CC118Lpir,Bm3r1_b3,pSeva221,2000,0.6106165705742558
938,CC118Lpir,Hiyiir_h1,pSeva221,1,0.6790453649649681
939,CC118Lpir,Hiyiir_h1,pSeva221,5,0.6169927006601058
940,CC118Lpir,Hiyiir_h1,pSeva221,10,0.6206073926418177
941,CC118Lpir,Hiyiir_h1,pSeva221,20,0.6082305653568953
942,CC118Lpir,Hiyiir_h1,pSeva221,30,0.6183197898310018
943,CC118Lpir,Hiyiir_h1,pSeva221,40,0.6731628515048171
944,CC118Lpir,Hiyiir_h1,pSeva221,70,0.5758492812138291
945,CC118Lpir,Hiyiir_h1,pSeva221,100,0.5894678616474868
946,CC118Lpir,Hiyiir_h1,pSeva221,200,0.6009883293521585
947,CC118Lpir,Hiyiir_h1,pSeva221,500,0.6406459608025891
948,CC118Lpir,Hiyiir_h1,pSeva221,1000,0.6432644296490359
949,CC118Lpir,Hiyiir_h1,pSeva221,2000,0.693700713191971
950,CC118Lpir,Lcara_i1,pSeva221,1,2.1863264750817355
951,CC118Lpir,Lcara_i1,pSeva221,5,1.5146795293537132
952,CC118Lpir,Lcara_i1,pSeva221,10,1.1056078523426354
953,CC118Lpir,Lcara_i1,pSeva221,20,0.9379828166537272
954,CC118Lpir,Lcara_i1,pSeva221,30,0.7109471991799274
955,CC118Lpir,Lcara_i1,pSeva221,40,0.6512310440372323
956,CC118Lpir,Lcara_i1,pSeva221,70,0.6609564396668139
957,CC118Lpir,Lcara_i1,pSeva221,100,0.6636769049375808
958,CC118Lpir,Lcara_i1,pSeva221,200,0.6047951955734596
959,CC118Lpir,Lcara_i1,pSeva221,500,0.6201869433258563
960,CC118Lpir,Lcara_i1,pSeva221,1000,0.630121845832619
961,CC118Lpir,Lcara_i1,pSeva221,2000,0.7311515855583837
962,CC118Lpir,Litr_l1,pSeva221,1,1.2542533837126022
963,CC118Lpir,Litr_l1,pSeva221,5,0.7380655420106451
964,CC118Lpir,Litr_l1,pSeva221,10,0.7019273998694416
965,CC118Lpir,Litr_l1,pSeva221,20,0.6507868066558243
966,CC118Lpir,Litr_l1,pSeva221,30,0.7574175106639088
967,CC118Lpir,Litr_l1,pSeva221,40,0.7024404378524002
968,CC118Lpir,Litr_l1,pSeva221,70,0.7852346653075762
969,CC118Lpir,Litr_l1,pSeva221,100,0.7997550272795507
970,CC118Lpir,Litr_l1,pSeva221,200,0.632268243472732
971,CC118Lpir,Litr_l1,pSeva221,500,0.6709220713307024
972,CC118Lpir,Litr_l1,pSeva221,1000,0.6739071717411831
973,CC118Lpir,Litr_l1,pSeva221,2000,0.7639461325011838
974,CC118Lpir,Lmra_n1,pSeva221,1,1.5601846604727396
975,CC118Lpir,Lmra_n1,pSeva221,5,1.23967500532831
976,CC118Lpir,Lmra_n1,pSeva221,10,1.1940087598543696
977,CC118Lpir,Lmra_n1,pSeva221,20,0.7373617784688598
978,CC118Lpir,Lmra_n1,pSeva221,30,0.6817217415710687
979,CC118Lpir,Lmra_n1,pSeva221,40,0.6696354016010071
980,CC118Lpir,Lmra_n1,pSeva221,70,0.5969085817753065
981,CC118Lpir,Lmra_n1,pSeva221,100,0.6109554365936124
982,CC118Lpir,Lmra_n1,pSeva221,200,0.619439769989556
983,CC118Lpir,Lmra_n1,pSeva221,500,0.6160554255686119
984,CC118Lpir,Lmra_n1,pSeva221,1000,0.6051815519345394
985,CC118Lpir,Lmra_n1,pSeva221,2000,0.7088226758435892
986,CC118Lpir,Phif_p1,pSeva221,1,9.660943085281703
987,CC118Lpir,Phif_p1,pSeva221,5,8.367026062098581
988,CC118Lpir,Phif_p1,pSeva221,10,6.915634187647682
989,CC118Lpir,Phif_p1,pSeva221,20,7.705855473855209
990,CC118Lpir,Phif_p1,pSeva221,30,7.482924032361537
991,CC118Lpir,Phif_p1,pSeva221,40,5.925312142492674
992,CC118Lpir,Phif_p1,pSeva221,70,6.98206783214048
993,CC118Lpir,Phif_p1,pSeva221,100,8.801840271728507
994,CC118Lpir,Phif_p1,pSeva221,200,7.1393132321076616
995,CC118Lpir,Phif_p1,pSeva221,500,8.961832441066349
996,CC118Lpir,Phif_p1,pSeva221,1000,6.847898237147108
997,CC118Lpir,Phif_p1,pSeva221,2000,9.761727949013087
998,CC118Lpir,Phif_p2,pSeva221,1,12.56366093686718
999,CC118Lpir,Phif_p2,pSeva221,5,8.558849767421325
1000,CC118Lpir,Phif_p2,pSeva221,10,6.399190914364199
1001,CC118Lpir,Phif_p2,pSeva221,20,3.117289153472159
1002,CC118Lpir,Phif_p2,pSeva221,30,1.8176515434153984
1003,CC118Lpir,Phif_p2,pSeva221,40,1.1852460552994122
1004,CC118Lpir,Phif_p2,pSeva221,70,0.6434295167337735
1005,CC118Lpir,Phif_p2,pSeva221,100,0.6366354313893915
1006,CC118Lpir,Phif_p2,pSeva221,200,0.6147160771996337
1007,CC118Lpir,Phif_p2,pSeva221,500,0.6168459654120699
1008,CC118Lpir,Phif_p2,pSeva221,1000,0.5665924656957164
1009,CC118Lpir,Phif_p2,pSeva221,2000,0.6415584568230305
1010,CC118Lpir,Phif_p3,pSeva221,1,5.598308940883684
1011,CC118Lpir,Phif_p3,pSeva221,5,3.88006829951362
1012,CC118Lpir,Phif_p3,pSeva221,10,4.424974667678316
1013,CC118Lpir,Phif_p3,pSeva221,20,2.219642496714932
1014,CC118Lpir,Phif_p3,pSeva221,30,0.1715647387600439
1015,CC118Lpir,Phif_p3,pSeva221,40,0.8683627003583304
1016,CC118Lpir,Phif_p3,pSeva221,70,0.42318751444375097
1017,CC118Lpir,Phif_p3,pSeva221,100,0.4173077069562027
1018,CC118Lpir,Phif_p3,pSeva221,200,0.2958986640203398
1019,CC118Lpir,Phif_p3,pSeva221,500,0.2493391734947957
1020,CC118Lpir,Phif_p3,pSeva221,1000,0.6794108061733242
1021,CC118Lpir,Phif_p3,pSeva221,2000,0.6861509338543839
1022,CC118Lpir,Psra_r1,pSeva221,1,2.8117905593469503
1023,CC118Lpir,Psra_r1,pSeva221,5,1.3928919766817525
1024,CC118Lpir,Psra_r1,pSeva221,10,0.94549253976124
1025,CC118Lpir,Psra_r1,pSeva221,20,0.6584879487789607
1026,CC118Lpir,Psra_r1,pSeva221,30,0.5990200230669287
1027,CC118Lpir,Psra_r1,pSeva221,40,0.5901005225046072
1028,CC118Lpir,Psra_r1,pSeva221,70,0.5840686164897152
1029,CC118Lpir,Psra_r1,pSeva221,100,0.5993598216562943
1030,CC118Lpir,Psra_r1,pSeva221,200,0.5043371599334251
1031,CC118Lpir,Psra_r1,pSeva221,500,0.231698303101748
1032,CC118Lpir,Psra_r1,pSeva221,1000,0.19040678913175288
1033,CC118Lpir,Psra_r1,pSeva221,2000,0.0
1034,CC118Lpir,Qacr_q1,pSeva221,1,2.426612002565941
1035,CC118Lpir,Qacr_q1,pSeva221,5,1.1563734275354338
1036,CC118Lpir,Qacr_q1,pSeva221,10,1.0844816607457075
1037,CC118Lpir,Qacr_q1,pSeva221,20,0.7581403805999822
1038,CC118Lpir,Qacr_q1,pSeva221,30,0.6294502349809816
1039,CC118Lpir,Qacr_q1,pSeva221,40,0.6224788104370381
1040,CC118Lpir,Qacr_q1,pSeva221,70,0.6189045418979449
1041,CC118Lpir,Qacr_q1,pSeva221,100,0.6835741034688197
1042,CC118Lpir,Qacr_q1,pSeva221,200,0.5733290444434209
1043,CC118Lpir,Qacr_q1,pSeva221,500,0.5557489675261545
1044,CC118Lpir,Qacr_q1,pSeva221,1000,0.5415734322401269
1045,CC118Lpir,Qacr_q1,pSeva221,2000,0.5651033553463212
1046,CC118Lpir,Qacr_q2,pSeva221,1,3.892800120495866
1047,CC118Lpir,Qacr_q2,pSeva221,5,3.066353268349625
1048,CC118Lpir,Qacr_q2,pSeva221,10,1.8560672276738208
1049,CC118Lpir,Qacr_q2,pSeva221,20,1.0432809513650982
1050,CC118Lpir,Qacr_q2,pSeva221,30,0.8012333180417578
1051,CC118Lpir,Qacr_q2,pSeva221,40,0.7002921998063444
1052,CC118Lpir,Qacr_q2,pSeva221,70,0.6701406255446077
1053,CC118Lpir,Qacr_q2,pSeva221,100,0.6376116958711594
1054,CC118Lpir,Qacr_q2,pSeva221,200,0.5893893897686492
1055,CC118Lpir,Qacr_q2,pSeva221,500,0.5788884778634078
1056,CC118Lpir,Qacr_q2,pSeva221,1000,0.6131371484435924
1057,CC118Lpir,Qacr_q2,pSeva221,2000,0.5666328974329831
1058,CC118Lpir,Srpr_s1,pSeva221,1,1.1221051365191672
1059,CC118Lpir,Srpr_s1,pSeva221,5,0.6964337397957734
1060,CC118Lpir,Srpr_s1,pSeva221,10,0.6308603925261477
1061,CC118Lpir,Srpr_s1,pSeva221,20,0.6336142006489421
1062,CC118Lpir,Srpr_s1,pSeva221,30,0.7046868873401929
1063,CC118Lpir,Srpr_s1,pSeva221,40,0.7327373534493048
1064,CC118Lpir,Srpr_s1,pSeva221,70,0.6767494490414949
1065,CC118Lpir,Srpr_s1,pSeva221,100,0.7611186286254853
1066,CC118Lpir,Srpr_s1,pSeva221,200,0.6547019362973077
1067,CC118Lpir,Srpr_s1,pSeva221,500,0.7875569799011357
1068,CC118Lpir,Srpr_s1,pSeva221,1000,0.7299213242669341
1069,CC118Lpir,Srpr_s1,pSeva221,2000,0.7198602551959691
1070,CC118Lpir,Srpr_s2,pSeva221,1,1.610174547045694
1071,CC118Lpir,Srpr_s2,pSeva221,5,1.2587716586694944
1072,CC118Lpir,Srpr_s2,pSeva221,10,0.7468930558334371
1073,CC118Lpir,Srpr_s2,pSeva221,20,0.7140877082100382
1074,CC118Lpir,Srpr_s2,pSeva221,30,0.6222733231429773
1075,CC118Lpir,Srpr_s2,pSeva221,40,0.6235922934966517
1076,CC118Lpir,Srpr_s2,pSeva221,70,0.6535914008809721
1077,CC118Lpir,Srpr_s2,pSeva221,100,0.6653673907054201
1078,CC118Lpir,Srpr_s2,pSeva221,200,0.6534213768123008
1079,CC118Lpir,Srpr_s2,pSeva221,500,0.7334460994846479
1080,CC118Lpir,Srpr_s2,pSeva221,1000,0.6336933612583268
1081,CC118Lpir,Srpr_s2,pSeva221,2000,0.6453162107364455
1082,CC118Lpir,Srpr_s3,pSeva221,1,2.22483875757184
1083,CC118Lpir,Srpr_s3,pSeva221,5,1.2820845425926108
1084,CC118Lpir,Srpr_s3,pSeva221,10,1.147716906876778
1085,CC118Lpir,Srpr_s3,pSeva221,20,0.7338859621031711
1086,CC118Lpir,Srpr_s3,pSeva221,30,0.8018060173645998
1087,CC118Lpir,Srpr_s3,pSeva221,40,0.6606629014955829
1088,CC118Lpir,Srpr_s3,pSeva221,70,0.6684659334258208
1089,CC118Lpir,Srpr_s3,pSeva221,100,0.6640691162560446
1090,CC118Lpir,Srpr_s3,pSeva221,200,0.701554595728566
1091,CC118Lpir,Srpr_s3,pSeva221,500,0.7307934037827293
1092,CC118Lpir,Srpr_s3,pSeva221,1000,0.6413990665504907
1093,CC118Lpir,Srpr_s3,pSeva221,2000,0.6578442855205233
1094,CC118Lpir,Srpr_s4,pSeva221,1,2.0071392515825113
1095,CC118Lpir,Srpr_s4,pSeva221,5,1.409742958684843
1096,CC118Lpir,Srpr_s4,pSeva221,10,1.273974362588106
1097,CC118Lpir,Srpr_s4,pSeva221,20,0.7429797255840881
1098,CC118Lpir,Srpr_s4,pSeva221,30,0.6908089122086526
1099,CC118Lpir,Srpr_s4,pSeva221,40,0.6464967844132736
1100,CC118Lpir,Srpr_s4,pSeva221,70,0.663710442563175
1101,CC118Lpir,Srpr_s4,pSeva221,100,0.6517867060005678
1102,CC118Lpir,Srpr_s4,pSeva221,200,0.6302807955105039
1103,CC118Lpir,Srpr_s4,pSeva221,500,0.7157178253631226
1104,CC118Lpir,Srpr_s4,pSeva221,1000,0.6804626302508296
1105,CC118Lpir,Srpr_s4,pSeva221,2000,0.6398051398875984
1106,KT2440,1201,pSeva231,1,0.014202775328501659
1107,KT2440,1201,pSeva231,5,0.012125228612340824
1108,KT2440,1201,pSeva231,10,0.012881947548623877
1109,KT2440,1201,pSeva231,20,0.012899396509738077
1110,KT2440,1201,pSeva231,30,0.011512301083594065
1111,KT2440,1201,pSeva231,40,0.011624446354679557
1112,KT2440,1201,pSeva231,70,0.014787337727472462
1113,KT2440,1201,pSeva231,100,0.011330383922402569
1114,KT2440,1201,pSeva231,200,0.01102204500930911
1115,KT2440,1201,pSeva231,500,0.010579793894212309
1116,KT2440,1201,pSeva231,1000,0.013359683869612523
1117,KT2440,1201,pSeva231,2000,0.01739108223433579
1118,KT2440,1717,pSeva231,1,1.531919716056274
1119,KT2440,1717,pSeva231,5,1.0398861949590652
1120,KT2440,1717,pSeva231,10,1.0432606509883795
1121,KT2440,1717,pSeva231,20,1.0250429425340921
1122,KT2440,1717,pSeva231,30,0.9614999267342156
1123,KT2440,1717,pSeva231,40,0.948807593044971
1124,KT2440,1717,pSeva231,70,0.9471056635823164
1125,KT2440,1717,pSeva231,100,0.9063268631628068
1126,KT2440,1717,pSeva231,200,0.9041191997317828
1127,KT2440,1717,pSeva231,500,1.067194525120795
1128,KT2440,1717,pSeva231,1000,0.8275247992111772
1129,KT2440,1717,pSeva231,2000,0.9359582507560672
1130,KT2440,1818,pSeva231,1,0.013504514278580765
1131,KT2440,1818,pSeva231,5,0.011391391534460223
1132,KT2440,1818,pSeva231,10,0.010374433240973032
1133,KT2440,1818,pSeva231,20,0.010414171993491554
1134,KT2440,1818,pSeva231,30,0.011338072735625742
1135,KT2440,1818,pSeva231,40,0.01243986384789787
1136,KT2440,1818,pSeva231,70,0.013941992247609444
1137,KT2440,1818,pSeva231,100,0.014782205975086837
1138,KT2440,1818,pSeva231,200,0.033949477046420484
1139,KT2440,1818,pSeva231,500,0.16668987935730226
1140,KT2440,1818,pSeva231,1000,0.2296792519720621
1141,KT2440,1818,pSeva231,2000,0.39717268673454187
1142,KT2440,Amer_f1,pSeva231,1,0.0004275396588094247
1143,KT2440,Amer_f1,pSeva231,5,0.0002732168177498433
1144,KT2440,Amer_f1,pSeva231,10,0.00011887013524487176
1145,KT2440,Amer_f1,pSeva231,20,0.000734294232239017
1146,KT2440,Amer_f1,pSeva231,30,0.0009258960147456428
1147,KT2440,Amer_f1,pSeva231,40,0.0002975010086934521
1148,KT2440,Amer_f1,pSeva231,70,0.0005845811236278892
1149,KT2440,Amer_f1,pSeva231,100,0.0002162660363994493
1150,KT2440,Amer_f1,pSeva231,200,0.00027361293643487556
1151,KT2440,Amer_f1,pSeva231,500,0.00033640720227751873
1152,KT2440,Amer_f1,pSeva231,1000,0.0003155815086925773
1153,KT2440,Amer_f1,pSeva231,2000,0.0
1154,KT2440,Amtr_a1,pSeva231,1,1.1148697963100869
1155,KT2440,Amtr_a1,pSeva231,5,0.8997810071728214
1156,KT2440,Amtr_a1,pSeva231,10,0.9509588994265156
1157,KT2440,Amtr_a1,pSeva231,20,0.9221471511513704
1158,KT2440,Amtr_a1,pSeva231,30,0.9923782686261204
1159,KT2440,Amtr_a1,pSeva231,40,1.0433552378258797
1160,KT2440,Amtr_a1,pSeva231,70,0.9629549696208248
1161,KT2440,Amtr_a1,pSeva231,100,0.9250263101460866
1162,KT2440,Amtr_a1,pSeva231,200,0.8887462187043069
1163,KT2440,Amtr_a1,pSeva231,500,0.7264243457507082
1164,KT2440,Amtr_a1,pSeva231,1000,0.5208429602082536
1165,KT2440,Amtr_a1,pSeva231,2000,0.19051884218743434
1166,KT2440,Beti_e1,pSeva231,1,1.9384083954580316
1167,KT2440,Beti_e1,pSeva231,5,2.0163795401085243
1168,KT2440,Beti_e1,pSeva231,10,1.9948112846456656
1169,KT2440,Beti_e1,pSeva231,20,1.9924469416412476
1170,KT2440,Beti_e1,pSeva231,30,2.0044935514869606
1171,KT2440,Beti_e1,pSeva231,40,2.014063845751516
1172,KT2440,Beti_e1,pSeva231,70,1.9921427682580597
1173,KT2440,Beti_e1,pSeva231,100,1.9828789467717451
1174,KT2440,Beti_e1,pSeva231,200,1.886111437221988
1175,KT2440,Beti_e1,pSeva231,500,1.6943760429082029
1176,KT2440,Beti_e1,pSeva231,1000,1.597334065785079
1177,KT2440,Beti_e1,pSeva231,2000,1.4381317481868765
1178,KT2440,Bm3r1_b1,pSeva231,1,1.1996950192794236
1179,KT2440,Bm3r1_b1,pSeva231,5,1.1659500387876118
1180,KT2440,Bm3r1_b1,pSeva231,10,1.1173147190720287
1181,KT2440,Bm3r1_b1,pSeva231,20,1.1375036110753245
1182,KT2440,Bm3r1_b1,pSeva231,30,1.1680080686363912
1183,KT2440,Bm3r1_b1,pSeva231,40,1.1367195497621954
1184,KT2440,Bm3r1_b1,pSeva231,70,1.1651629339005205
1185,KT2440,Bm3r1_b1,pSeva231,100,1.1343154410961462
1186,KT2440,Bm3r1_b1,pSeva231,200,1.0980977429304344
1187,KT2440,Bm3r1_b1,pSeva231,500,1.0439017985518777
1188,KT2440,Bm3r1_b1,pSeva231,1000,1.0202934556009473
1189,KT2440,Bm3r1_b1,pSeva231,2000,0.9905451844484288
1190,KT2440,Bm3r1_b2,pSeva231,1,1.1537080019996022
1191,KT2440,Bm3r1_b2,pSeva231,5,1.2113977041297557
1192,KT2440,Bm3r1_b2,pSeva231,10,1.26627267414718
1193,KT2440,Bm3r1_b2,pSeva231,20,1.2444167539860864
1194,KT2440,Bm3r1_b2,pSeva231,30,1.184387562305787
1195,KT2440,Bm3r1_b2,pSeva231,40,1.1745221131038537
1196,KT2440,Bm3r1_b2,pSeva231,70,1.18336583078281
1197,KT2440,Bm3r1_b2,pSeva231,100,1.1482233671310504
1198,KT2440,Bm3r1_b2,pSeva231,200,1.154970649333774
1199,KT2440,Bm3r1_b2,pSeva231,500,1.1490012972735149
1200,KT2440,Bm3r1_b2,pSeva231,1000,1.0284861185741438
1201,KT2440,Bm3r1_b2,pSeva231,2000,1.0601296482862608
1202,KT2440,Bm3r1_b3,pSeva231,1,1.6693915857998292
1203,KT2440,Bm3r1_b3,pSeva231,5,1.6077991334102395
1204,KT2440,Bm3r1_b3,pSeva231,10,1.552372624896912
1205,KT2440,Bm3r1_b3,pSeva231,20,1.4860737567678814
1206,KT2440,Bm3r1_b3,pSeva231,30,1.255355897863552
1207,KT2440,Bm3r1_b3,pSeva231,40,1.3985465022916694
1208,KT2440,Bm3r1_b3,pSeva231,70,1.4487588074905122
1209,KT2440,Bm3r1_b3,pSeva231,100,1.433531429255556
1210,KT2440,Bm3r1_b3,pSeva231,200,1.3734995332169184
1211,KT2440,Bm3r1_b3,pSeva231,500,1.2195017207031735
1212,KT2440,Bm3r1_b3,pSeva231,1000,1.2064473514967982
1213,KT2440,Bm3r1_b3,pSeva231,2000,1.0472980679308377
1214,KT2440,Hiyiir_h1,pSeva231,1,0.01671614583513939
1215,KT2440,Hiyiir_h1,pSeva231,5,0.016114553184354112
1216,KT2440,Hiyiir_h1,pSeva231,10,0.015120392392238087
1217,KT2440,Hiyiir_h1,pSeva231,20,0.015093066026451597
1218,KT2440,Hiyiir_h1,pSeva231,30,0.01572885972654697
1219,KT2440,Hiyiir_h1,pSeva231,40,0.01621788322714099
1220,KT2440,Hiyiir_h1,pSeva231,70,0.013340723167402405
1221,KT2440,Hiyiir_h1,pSeva231,100,0.015572569070630546
1222,KT2440,Hiyiir_h1,pSeva231,200,0.01400342093423398
1223,KT2440,Hiyiir_h1,pSeva231,500,0.01563055847178524
1224,KT2440,Hiyiir_h1,pSeva231,1000,0.016388554891361897
1225,KT2440,Hiyiir_h1,pSeva231,2000,0.019149622081162613
1226,KT2440,Lcara_i1,pSeva231,1,3.718770549106612
1227,KT2440,Lcara_i1,pSeva231,5,3.2829951479437014
1228,KT2440,Lcara_i1,pSeva231,10,3.1426346076064133
1229,KT2440,Lcara_i1,pSeva231,20,3.0464386976805566
1230,KT2440,Lcara_i1,pSeva231,30,2.9342522137457774
1231,KT2440,Lcara_i1,pSeva231,40,2.9201336313466224
1232,KT2440,Lcara_i1,pSeva231,70,2.8149113731507294
1233,KT2440,Lcara_i1,pSeva231,100,2.6970935785179786
1234,KT2440,Lcara_i1,pSeva231,200,2.4157171242521747
1235,KT2440,Lcara_i1,pSeva231,500,1.9861681793216035
1236,KT2440,Lcara_i1,pSeva231,1000,1.6679747683161728
1237,KT2440,Lcara_i1,pSeva231,2000,1.0999046168342477
1238,KT2440,Litr_l1,pSeva231,1,5.140358482265624
1239,KT2440,Litr_l1,pSeva231,5,4.150658520539286
1240,KT2440,Litr_l1,pSeva231,10,4.066886299466442
1241,KT2440,Litr_l1,pSeva231,20,3.4300954237193158
1242,KT2440,Litr_l1,pSeva231,30,3.2118423415367823
1243,KT2440,Litr_l1,pSeva231,40,4.064932965585198
1244,KT2440,Litr_l1,pSeva231,70,2.758650516190043
1245,KT2440,Litr_l1,pSeva231,100,3.3079425162595713
1246,KT2440,Litr_l1,pSeva231,200,3.029241158765406
1247,KT2440,Litr_l1,pSeva231,500,1.983872567248469
1248,KT2440,Litr_l1,pSeva231,1000,1.3409000780910716
1249,KT2440,Litr_l1,pSeva231,2000,0.986878448028222
1250,KT2440,Lmra_n1,pSeva231,1,1.9319941049029132
1251,KT2440,Lmra_n1,pSeva231,5,1.932227264806216
1252,KT2440,Lmra_n1,pSeva231,10,1.8629886799256776
1253,KT2440,Lmra_n1,pSeva231,20,1.8370254524891316
1254,KT2440,Lmra_n1,pSeva231,30,1.7361536270245297
1255,KT2440,Lmra_n1,pSeva231,40,1.6850514211012453
1256,KT2440,Lmra_n1,pSeva231,70,1.6205872377998891
1257,KT2440,Lmra_n1,pSeva231,100,1.6351437067736625
1258,KT2440,Lmra_n1,pSeva231,200,1.4775905190129694
1259,KT2440,Lmra_n1,pSeva231,500,1.010178139508331
1260,KT2440,Lmra_n1,pSeva231,1000,0.7834413422972983
1261,KT2440,Lmra_n1,pSeva231,2000,0.4946443137111032
1262,KT2440,Phif_p1,pSeva231,1,0.9365555746244802
1263,KT2440,Phif_p1,pSeva231,5,0.7270161804372863
1264,KT2440,Phif_p1,pSeva231,10,1.0188026584981953
1265,KT2440,Phif_p1,pSeva231,20,1.0808241613088505
1266,KT2440,Phif_p1,pSeva231,30,1.0954660411254096
1267,KT2440,Phif_p1,pSeva231,40,1.1134569709965585
1268,KT2440,Phif_p1,pSeva231,70,1.0972585519580145
1269,KT2440,Phif_p1,pSeva231,100,1.054786877106137
1270,KT2440,Phif_p1,pSeva231,200,0.8843231376996907
1271,KT2440,Phif_p1,pSeva231,500,0.5545918272756301
1272,KT2440,Phif_p1,pSeva231,1000,0.3303137696084484
1273,KT2440,Phif_p1,pSeva231,2000,0.05799841442373984
1274,KT2440,Phif_p2,pSeva231,1,10.922685952399226
1275,KT2440,Phif_p2,pSeva231,5,9.65750978963332
1276,KT2440,Phif_p2,pSeva231,10,9.5016411232936
1277,KT2440,Phif_p2,pSeva231,20,9.463823358042573
1278,KT2440,Phif_p2,pSeva231,30,9.183523995081524
1279,KT2440,Phif_p2,pSeva231,40,9.101243361824816
1280,KT2440,Phif_p2,pSeva231,70,8.98228846444913
1281,KT2440,Phif_p2,pSeva231,100,8.989196037815587
1282,KT2440,Phif_p2,pSeva231,200,9.141260288330518
1283,KT2440,Phif_p2,pSeva231,500,8.431653145877531
1284,KT2440,Phif_p2,pSeva231,1000,7.794767579626777
1285,KT2440,Phif_p2,pSeva231,2000,6.901873337728902
1286,KT2440,Phif_p3,pSeva231,1,0.014321510536798154
1287,KT2440,Phif_p3,pSeva231,5,0.012712473765905929
1288,KT2440,Phif_p3,pSeva231,10,0.011072921755202208
1289,KT2440,Phif_p3,pSeva231,20,0.011455329193563379
1290,KT2440,Phif_p3,pSeva231,30,0.011643976470302736
1291,KT2440,Phif_p3,pSeva231,40,0.012858150848429756
1292,KT2440,Phif_p3,pSeva231,70,0.011121047819102746
1293,KT2440,Phif_p3,pSeva231,100,0.013028535574443759
1294,KT2440,Phif_p3,pSeva231,200,0.011868936706386302
1295,KT2440,Phif_p3,pSeva231,500,0.012581614487805412
1296,KT2440,Phif_p3,pSeva231,1000,0.012331380845040742
1297,KT2440,Phif_p3,pSeva231,2000,0.016478914366925092
1298,KT2440,Psra_r1,pSeva231,1,5.219743587409409
1299,KT2440,Psra_r1,pSeva231,5,4.669644193826755
1300,KT2440,Psra_r1,pSeva231,10,5.883325905457448
1301,KT2440,Psra_r1,pSeva231,20,6.4825593131872505
1302,KT2440,Psra_r1,pSeva231,30,5.451953177213207
1303,KT2440,Psra_r1,pSeva231,40,5.398666129769052
1304,KT2440,Psra_r1,pSeva231,70,5.994561424198799
1305,KT2440,Psra_r1,pSeva231,100,5.638391326718026
1306,KT2440,Psra_r1,pSeva231,200,3.685074363713417
1307,KT2440,Psra_r1,pSeva231,500,3.794993863469845
1308,KT2440,Psra_r1,pSeva231,1000,3.3791908340038486
1309,KT2440,Psra_r1,pSeva231,2000,2.654497525415949
1310,KT2440,Qacr_q1,pSeva231,1,2.5638784930120373
1311,KT2440,Qacr_q1,pSeva231,5,2.6082799536729917
1312,KT2440,Qacr_q1,pSeva231,10,2.428276976373039
1313,KT2440,Qacr_q1,pSeva231,20,2.44105955377296
1314,KT2440,Qacr_q1,pSeva231,30,2.4080478502335745
1315,KT2440,Qacr_q1,pSeva231,40,2.3614258446822807
1316,KT2440,Qacr_q1,pSeva231,70,2.2335656929338663
1317,KT2440,Qacr_q1,pSeva231,100,2.2324632637361357
1318,KT2440,Qacr_q1,pSeva231,200,2.0248628686308034
1319,KT2440,Qacr_q1,pSeva231,500,1.6602052366050162
1320,KT2440,Qacr_q1,pSeva231,1000,1.406477663148196
1321,KT2440,Qacr_q1,pSeva231,2000,0.8677614343047848
1322,KT2440,Qacr_q2,pSeva231,1,3.5035961711740686
1323,KT2440,Qacr_q2,pSeva231,5,3.3573747728500454
1324,KT2440,Qacr_q2,pSeva231,10,3.2352485411831893
1325,KT2440,Qacr_q2,pSeva231,20,3.1883941168925323
1326,KT2440,Qacr_q2,pSeva231,30,3.126074285137167
1327,KT2440,Qacr_q2,pSeva231,40,3.0460434104172838
1328,KT2440,Qacr_q2,pSeva231,70,2.92687974476399
1329,KT2440,Qacr_q2,pSeva231,100,2.857823847297875
1330,KT2440,Qacr_q2,pSeva231,200,2.625217991387265
1331,KT2440,Qacr_q2,pSeva231,500,2.272024948515652
1332,KT2440,Qacr_q2,pSeva231,1000,2.0780941792132017
1333,KT2440,Qacr_q2,pSeva231,2000,1.6695458681903568
1334,KT2440,Srpr_s1,pSeva231,1,0.3189575735471362
1335,KT2440,Srpr_s1,pSeva231,5,0.3556386757898334
1336,KT2440,Srpr_s1,pSeva231,10,0.34015480050021984
1337,KT2440,Srpr_s1,pSeva231,20,0.33590369828564226
1338,KT2440,Srpr_s1,pSeva231,30,0.35223659597064755
1339,KT2440,Srpr_s1,pSeva231,40,0.2927515352307517
1340,KT2440,Srpr_s1,pSeva231,70,0.3215251776778618
1341,KT2440,Srpr_s1,pSeva231,100,0.29603471981351703
1342,KT2440,Srpr_s1,pSeva231,200,0.2580919639791337
1343,KT2440,Srpr_s1,pSeva231,500,0.1706208481619075
1344,KT2440,Srpr_s1,pSeva231,1000,0.10924163090264212
1345,KT2440,Srpr_s1,pSeva231,2000,0.04634837020978158
1346,KT2440,Srpr_s2,pSeva231,1,1.1211771344054626
1347,KT2440,Srpr_s2,pSeva231,5,1.0630543000135206
1348,KT2440,Srpr_s2,pSeva231,10,1.0088629048441258
1349,KT2440,Srpr_s2,pSeva231,20,0.9134713761544117
1350,KT2440,Srpr_s2,pSeva231,30,0.8664339364579426
1351,KT2440,Srpr_s2,pSeva231,40,0.8435010450575867
1352,KT2440,Srpr_s2,pSeva231,70,0.79766801952042
1353,KT2440,Srpr_s2,pSeva231,100,0.7007546359168034
1354,KT2440,Srpr_s2,pSeva231,200,0.614903962175192
1355,KT2440,Srpr_s2,pSeva231,500,0.3522230683007663
1356,KT2440,Srpr_s2,pSeva231,1000,0.23665805244583746
1357,KT2440,Srpr_s2,pSeva231,2000,0.1289856499583334
1358,KT2440,Srpr_s3,pSeva231,1,0.55207841241438
1359,KT2440,Srpr_s3,pSeva231,5,0.5288135571502495
1360,KT2440,Srpr_s3,pSeva231,10,0.4867109779358694
1361,KT2440,Srpr_s3,pSeva231,20,0.4502624212848012
1362,KT2440,Srpr_s3,pSeva231,30,0.4479281024124466
1363,KT2440,Srpr_s3,pSeva231,40,0.4018163996969557
1364,KT2440,Srpr_s3,pSeva231,70,0.3667799486344618
1365,KT2440,Srpr_s3,pSeva231,100,0.33275764117331585
1366,KT2440,Srpr_s3,pSeva231,200,0.2782032735550716
1367,KT2440,Srpr_s3,pSeva231,500,0.18199324439876488
1368,KT2440,Srpr_s3,pSeva231,1000,0.11308705181250465
1369,KT2440,Srpr_s3,pSeva231,2000,0.0474615608976597
1370,KT2440,Srpr_s4,pSeva231,1,0.6156825588666571
1371,KT2440,Srpr_s4,pSeva231,5,0.5851085349617111
1372,KT2440,Srpr_s4,pSeva231,10,0.5645424449054718
1373,KT2440,Srpr_s4,pSeva231,20,0.5411378707633596
1374,KT2440,Srpr_s4,pSeva231,30,0.5117295060939573
1375,KT2440,Srpr_s4,pSeva231,40,0.4868301652615724
1376,KT2440,Srpr_s4,pSeva231,70,0.4759712222174793
1377,KT2440,Srpr_s4,pSeva231,100,0.4340430575252556
1378,KT2440,Srpr_s4,pSeva231,200,0.3657933941242119
1379,KT2440,Srpr_s4,pSeva231,500,0.261608265938641
1380,KT2440,Srpr_s4,pSeva231,1000,0.20978582389992728
1381,KT2440,Srpr_s4,pSeva231,2000,0.11596849416831205
1382,KT2440,Emptyrow,EmptyRow,1,
1383,KT2440,Emptyrow,EmptyRow,5,
1384,KT2440,Emptyrow,EmptyRow,10,
1385,KT2440,Emptyrow,EmptyRow,20,
1386,KT2440,Emptyrow,EmptyRow,30,
1387,KT2440,Emptyrow,EmptyRow,40,
1388,KT2440,Emptyrow,EmptyRow,70,
1389,KT2440,Emptyrow,EmptyRow,100,
1390,KT2440,Emptyrow,EmptyRow,200,
1391,KT2440,Emptyrow,EmptyRow,500,
1392,KT2440,Emptyrow,EmptyRow,1000,
1393,KT2440,Emptyrow,EmptyRow,2000,
1394,CC118Lpir,1201,pSeva231,1,0.4197640590372539
1395,CC118Lpir,1201,pSeva231,5,0.4643330948194069
1396,CC118Lpir,1201,pSeva231,10,0.4328258097004289
1397,CC118Lpir,1201,pSeva231,20,0.33726570429349445
1398,CC118Lpir,1201,pSeva231,30,0.35999204472066626
1399,CC118Lpir,1201,pSeva231,40,0.32344411423778635
1400,CC118Lpir,1201,pSeva231,70,0.33962801516729163
1401,CC118Lpir,1201,pSeva231,100,0.330373837000491
1402,CC118Lpir,1201,pSeva231,200,0.3108212201372767
1403,CC118Lpir,1201,pSeva231,500,0.3220399299818041
1404,CC118Lpir,1201,pSeva231,1000,0.30469249558347183
1405,CC118Lpir,1201,pSeva231,2000,0.32215982099265883
1406,CC118Lpir,1717,pSeva231,1,1.584417706185962
1407,CC118Lpir,1717,pSeva231,5,1.1038116280336332
1408,CC118Lpir,1717,pSeva231,10,0.9080183294972116
1409,CC118Lpir,1717,pSeva231,20,0.8026811933331064
1410,CC118Lpir,1717,pSeva231,30,0.923640790542875
1411,CC118Lpir,1717,pSeva231,40,1.230143614735079
1412,CC118Lpir,1717,pSeva231,70,0.7386725806031127
1413,CC118Lpir,1717,pSeva231,100,0.6900183888454333
1414,CC118Lpir,1717,pSeva231,200,1.1398954386905698
1415,CC118Lpir,1717,pSeva231,500,1.00334622782466
1416,CC118Lpir,1717,pSeva231,1000,0.7302916862944179
1417,CC118Lpir,1717,pSeva231,2000,1.31025070802413
1418,CC118Lpir,1818,pSeva231,1,0.41940417016072
1419,CC118Lpir,1818,pSeva231,5,0.3380460751473809
1420,CC118Lpir,1818,pSeva231,10,0.3767179734023388
1421,CC118Lpir,1818,pSeva231,20,0.39266143149212784
1422,CC118Lpir,1818,pSeva231,30,0.6995335304894508
1423,CC118Lpir,1818,pSeva231,40,0.9102551941977076
1424,CC118Lpir,1818,pSeva231,70,1.1211453939430862
1425,CC118Lpir,1818,pSeva231,100,1.7519606082059451
1426,CC118Lpir,1818,pSeva231,200,2.1014570737468907
1427,CC118Lpir,1818,pSeva231,500,2.505820708349053
1428,CC118Lpir,1818,pSeva231,1000,2.9548294959278474
1429,CC118Lpir,1818,pSeva231,2000,4.034993622584061
1430,CC118Lpir,Amer_f1,pSeva231,1,10.83459912445062
1431,CC118Lpir,Amer_f1,pSeva231,5,8.915107542711
1432,CC118Lpir,Amer_f1,pSeva231,10,5.654085203377929
1433,CC118Lpir,Amer_f1,pSeva231,20,3.2815949478400253
1434,CC118Lpir,Amer_f1,pSeva231,30,2.554016343657884
1435,CC118Lpir,Amer_f1,pSeva231,40,1.4567472614366297
1436,CC118Lpir,Amer_f1,pSeva231,70,1.2036362669009097
1437,CC118Lpir,Amer_f1,pSeva231,100,1.12383876351069
1438,CC118Lpir,Amer_f1,pSeva231,200,0.7903033243016461
1439,CC118Lpir,Amer_f1,pSeva231,500,0.7622488089754939
1440,CC118Lpir,Amer_f1,pSeva231,1000,0.9716536499518224
1441,CC118Lpir,Amer_f1,pSeva231,2000,0.9139455747306756
1442,CC118Lpir,Amtr_a1,pSeva231,1,5.951649751155398
1443,CC118Lpir,Amtr_a1,pSeva231,5,1.1278208998613697
1444,CC118Lpir,Amtr_a1,pSeva231,10,0.7533451310411543
1445,CC118Lpir,Amtr_a1,pSeva231,20,0.3512072407960793
1446,CC118Lpir,Amtr_a1,pSeva231,30,0.3431179421730174
1447,CC118Lpir,Amtr_a1,pSeva231,40,0.3479464889292794
1448,CC118Lpir,Amtr_a1,pSeva231,70,0.29749487794474816
1449,CC118Lpir,Amtr_a1,pSeva231,100,0.2830039665820643
1450,CC118Lpir,Amtr_a1,pSeva231,200,0.3441664154539327
1451,CC118Lpir,Amtr_a1,pSeva231,500,0.28140883257336746
1452,CC118Lpir,Amtr_a1,pSeva231,1000,0.2879089734219891
1453,CC118Lpir,Amtr_a1,pSeva231,2000,0.3682895926031615
1454,CC118Lpir,Beti_e1,pSeva231,1,7.219403497086272
1455,CC118Lpir,Beti_e1,pSeva231,5,4.778307784586117
1456,CC118Lpir,Beti_e1,pSeva231,10,2.3404395624671936
1457,CC118Lpir,Beti_e1,pSeva231,20,1.0411847030148584
1458,CC118Lpir,Beti_e1,pSeva231,30,1.578346198079824
1459,CC118Lpir,Beti_e1,pSeva231,40,0.9607066542850706
1460,CC118Lpir,Beti_e1,pSeva231,70,0.4046253486696374
1461,CC118Lpir,Beti_e1,pSeva231,100,0.32639647963757584
1462,CC118Lpir,Beti_e1,pSeva231,200,0.2795530361312832
1463,CC118Lpir,Beti_e1,pSeva231,500,0.3797579559146553
1464,CC118Lpir,Beti_e1,pSeva231,1000,0.278433394058085
1465,CC118Lpir,Beti_e1,pSeva231,2000,0.3613685779272521
1466,CC118Lpir,Bm3r1_b1,pSeva231,1,0.9077915431620868
1467,CC118Lpir,Bm3r1_b1,pSeva231,5,0.4650775957795487
1468,CC118Lpir,Bm3r1_b1,pSeva231,10,0.4832208223417214
1469,CC118Lpir,Bm3r1_b1,pSeva231,20,0.3343215902663069
1470,CC118Lpir,Bm3r1_b1,pSeva231,30,0.32189871188046115
1471,CC118Lpir,Bm3r1_b1,pSeva231,40,0.3253920101009781
1472,CC118Lpir,Bm3r1_b1,pSeva231,70,0.2981088048062224
1473,CC118Lpir,Bm3r1_b1,pSeva231,100,0.3114865418381256
1474,CC118Lpir,Bm3r1_b1,pSeva231,200,0.3256360198362696
1475,CC118Lpir,Bm3r1_b1,pSeva231,500,0.3304417098152644
1476,CC118Lpir,Bm3r1_b1,pSeva231,1000,0.27662473344057353
1477,CC118Lpir,Bm3r1_b1,pSeva231,2000,0.32303485703527995
1478,CC118Lpir,Bm3r1_b2,pSeva231,1,1.0466461079378948
1479,CC118Lpir,Bm3r1_b2,pSeva231,5,0.7119739938471514
1480,CC118Lpir,Bm3r1_b2,pSeva231,10,0.7158281380907054
1481,CC118Lpir,Bm3r1_b2,pSeva231,20,0.4425604195918958
1482,CC118Lpir,Bm3r1_b2,pSeva231,30,0.3637965396880349
1483,CC118Lpir,Bm3r1_b2,pSeva231,40,0.3810525070346431
1484,CC118Lpir,Bm3r1_b2,pSeva231,70,0.3025286767614334
1485,CC118Lpir,Bm3r1_b2,pSeva231,100,0.3444628368332959
1486,CC118Lpir,Bm3r1_b2,pSeva231,200,0.3326346033388777
1487,CC118Lpir,Bm3r1_b2,pSeva231,500,0.29320488849275994
1488,CC118Lpir,Bm3r1_b2,pSeva231,1000,0.2943517056103423
1489,CC118Lpir,Bm3r1_b2,pSeva231,2000,0.31841420637731066
1490,CC118Lpir,Bm3r1_b3,pSeva231,1,1.0220948929765858
1491,CC118Lpir,Bm3r1_b3,pSeva231,5,0.8321358728932445
1492,CC118Lpir,Bm3r1_b3,pSeva231,10,0.7681724322078126
1493,CC118Lpir,Bm3r1_b3,pSeva231,20,0.6095102481461123
1494,CC118Lpir,Bm3r1_b3,pSeva231,30,0.4848041258814906
1495,CC118Lpir,Bm3r1_b3,pSeva231,40,0.3810339337572888
1496,CC118Lpir,Bm3r1_b3,pSeva231,70,0.3201756340179955
1497,CC118Lpir,Bm3r1_b3,pSeva231,100,0.32751782556848297
1498,CC118Lpir,Bm3r1_b3,pSeva231,200,0.3800907674685069
1499,CC118Lpir,Bm3r1_b3,pSeva231,500,0.35006490319476274
1500,CC118Lpir,Bm3r1_b3,pSeva231,1000,0.3262811280846528
1501,CC118Lpir,Bm3r1_b3,pSeva231,2000,0.37058163377878905
1502,CC118Lpir,Hiyiir_h1,pSeva231,1,0.4173374380586047
1503,CC118Lpir,Hiyiir_h1,pSeva231,5,0.3978199660032053
1504,CC118Lpir,Hiyiir_h1,pSeva231,10,0.3621077206704692
1505,CC118Lpir,Hiyiir_h1,pSeva231,20,0.383198291425173
1506,CC118Lpir,Hiyiir_h1,pSeva231,30,0.3592236819340973
1507,CC118Lpir,Hiyiir_h1,pSeva231,40,0.3632366168351615
1508,CC118Lpir,Hiyiir_h1,pSeva231,70,0.33731049366792804
1509,CC118Lpir,Hiyiir_h1,pSeva231,100,0.3150312670556276
1510,CC118Lpir,Hiyiir_h1,pSeva231,200,0.3737396978987896
1511,CC118Lpir,Hiyiir_h1,pSeva231,500,0.3543474190164513
1512,CC118Lpir,Hiyiir_h1,pSeva231,1000,0.3228151165910857
1513,CC118Lpir,Hiyiir_h1,pSeva231,2000,0.4094171408581675
1514,CC118Lpir,Lcara_i1,pSeva231,1,5.9314581386734115
1515,CC118Lpir,Lcara_i1,pSeva231,5,3.0273219770137763
1516,CC118Lpir,Lcara_i1,pSeva231,10,1.832033288694508
1517,CC118Lpir,Lcara_i1,pSeva231,20,0.8074349064515141
1518,CC118Lpir,Lcara_i1,pSeva231,30,0.7107611180628184
1519,CC118Lpir,Lcara_i1,pSeva231,40,0.4393419085203512
1520,CC118Lpir,Lcara_i1,pSeva231,70,0.3735009746130115
1521,CC118Lpir,Lcara_i1,pSeva231,100,0.3837298155612473
1522,CC118Lpir,Lcara_i1,pSeva231,200,0.34054854517189004
1523,CC118Lpir,Lcara_i1,pSeva231,500,0.3973893446062509
1524,CC118Lpir,Lcara_i1,pSeva231,1000,0.3556805066932346
1525,CC118Lpir,Lcara_i1,pSeva231,2000,0.4205625601124025
1526,CC118Lpir,Litr_l1,pSeva231,1,6.045519052603736
1527,CC118Lpir,Litr_l1,pSeva231,5,0.8553260778338158
1528,CC118Lpir,Litr_l1,pSeva231,10,0.6503992067361072
1529,CC118Lpir,Litr_l1,pSeva231,20,0.5200296931851589
1530,CC118Lpir,Litr_l1,pSeva231,30,0.6268403245362582
1531,CC118Lpir,Litr_l1,pSeva231,40,0.4422165602897624
1532,CC118Lpir,Litr_l1,pSeva231,70,0.5126283217046129
1533,CC118Lpir,Litr_l1,pSeva231,100,0.4769240268310377
1534,CC118Lpir,Litr_l1,pSeva231,200,0.3871890271526757
1535,CC118Lpir,Litr_l1,pSeva231,500,0.3505647324583239
1536,CC118Lpir,Litr_l1,pSeva231,1000,0.3790894956144478
1537,CC118Lpir,Litr_l1,pSeva231,2000,0.4059708168902897
1538,CC118Lpir,Lmra_n1,pSeva231,1,3.3310798264109303
1539,CC118Lpir,Lmra_n1,pSeva231,5,1.3492381132334117
1540,CC118Lpir,Lmra_n1,pSeva231,10,1.099397123333576
1541,CC118Lpir,Lmra_n1,pSeva231,20,0.4965077330561292
1542,CC118Lpir,Lmra_n1,pSeva231,30,0.39751248519343657
1543,CC118Lpir,Lmra_n1,pSeva231,40,0.3763860538064973
1544,CC118Lpir,Lmra_n1,pSeva231,70,0.2996983018519064
1545,CC118Lpir,Lmra_n1,pSeva231,100,0.3129143526177503
1546,CC118Lpir,Lmra_n1,pSeva231,200,0.3361326898672669
1547,CC118Lpir,Lmra_n1,pSeva231,500,0.2972531520180041
1548,CC118Lpir,Lmra_n1,pSeva231,1000,0.3285271444792183
1549,CC118Lpir,Lmra_n1,pSeva231,2000,0.3718981817868315
1550,CC118Lpir,Phif_p1,pSeva231,1,1.2747941478171725
1551,CC118Lpir,Phif_p1,pSeva231,5,0.40263915776125975
1552,CC118Lpir,Phif_p1,pSeva231,10,0.4043144159235505
1553,CC118Lpir,Phif_p1,pSeva231,20,0.2841008204913544
1554,CC118Lpir,Phif_p1,pSeva231,30,0.369192544808628
1555,CC118Lpir,Phif_p1,pSeva231,40,0.30951399585355144
1556,CC118Lpir,Phif_p1,pSeva231,70,0.35860723934306343
1557,CC118Lpir,Phif_p1,pSeva231,100,0.32069388608024463
1558,CC118Lpir,Phif_p1,pSeva231,200,0.289624928833962
1559,CC118Lpir,Phif_p1,pSeva231,500,0.2679723007918198
1560,CC118Lpir,Phif_p1,pSeva231,1000,0.2723624825086364
1561,CC118Lpir,Phif_p1,pSeva231,2000,0.2867853768669928
1562,CC118Lpir,Phif_p2,pSeva231,1,18.18193766576612
1563,CC118Lpir,Phif_p2,pSeva231,5,9.170211206747512
1564,CC118Lpir,Phif_p2,pSeva231,10,7.519844881316423
1565,CC118Lpir,Phif_p2,pSeva231,20,1.7565078390430997
1566,CC118Lpir,Phif_p2,pSeva231,30,1.1510130836524868
1567,CC118Lpir,Phif_p2,pSeva231,40,0.43031827423561103
1568,CC118Lpir,Phif_p2,pSeva231,70,0.32456071939744474
1569,CC118Lpir,Phif_p2,pSeva231,100,0.276903780751492
1570,CC118Lpir,Phif_p2,pSeva231,200,0.2686544145937436
1571,CC118Lpir,Phif_p2,pSeva231,500,0.2906394599359856
1572,CC118Lpir,Phif_p2,pSeva231,1000,0.3013549077256575
1573,CC118Lpir,Phif_p2,pSeva231,2000,0.3051385815216444
1574,CC118Lpir,Phif_p3,pSeva231,1,15.761525499324105
1575,CC118Lpir,Phif_p3,pSeva231,5,8.197611612301104
1576,CC118Lpir,Phif_p3,pSeva231,10,6.354957700525419
1577,CC118Lpir,Phif_p3,pSeva231,20,2.900376636540653
1578,CC118Lpir,Phif_p3,pSeva231,30,1.505510122763866
1579,CC118Lpir,Phif_p3,pSeva231,40,0.6098971417462316
1580,CC118Lpir,Phif_p3,pSeva231,70,0.3874884800839776
1581,CC118Lpir,Phif_p3,pSeva231,100,0.3490562095249331
1582,CC118Lpir,Phif_p3,pSeva231,200,0.3217769702994304
1583,CC118Lpir,Phif_p3,pSeva231,500,0.33834560701909194
1584,CC118Lpir,Phif_p3,pSeva231,1000,0.3184998914221389
1585,CC118Lpir,Phif_p3,pSeva231,2000,0.3138910420519569
1586,CC118Lpir,Psra_r1,pSeva231,1,13.15545075704222
1587,CC118Lpir,Psra_r1,pSeva231,5,8.260116755833462
1588,CC118Lpir,Psra_r1,pSeva231,10,4.869522317180816
1589,CC118Lpir,Psra_r1,pSeva231,20,1.885734949110886
1590,CC118Lpir,Psra_r1,pSeva231,30,0.8833644129516208
1591,CC118Lpir,Psra_r1,pSeva231,40,0.7829115648748501
1592,CC118Lpir,Psra_r1,pSeva231,70,0.5934462726129467
1593,CC118Lpir,Psra_r1,pSeva231,100,0.36712616863127545
1594,CC118Lpir,Psra_r1,pSeva231,200,0.3393356185674317
1595,CC118Lpir,Psra_r1,pSeva231,500,0.25521978294870845
1596,CC118Lpir,Psra_r1,pSeva231,1000,0.21557590402342375
1597,CC118Lpir,Psra_r1,pSeva231,2000,0.2714559016253949
1598,CC118Lpir,Qacr_q1,pSeva231,1,0.7767283832378492
1599,CC118Lpir,Qacr_q1,pSeva231,5,0.7604394896471701
1600,CC118Lpir,Qacr_q1,pSeva231,10,0.7819543609950034
1601,CC118Lpir,Qacr_q1,pSeva231,20,0.8053074244445766
1602,CC118Lpir,Qacr_q1,pSeva231,30,0.7208211258198144
1603,CC118Lpir,Qacr_q1,pSeva231,40,0.7907033535269234
1604,CC118Lpir,Qacr_q1,pSeva231,70,0.8647593982458679
1605,CC118Lpir,Qacr_q1,pSeva231,100,0.23647949610205746
1606,CC118Lpir,Qacr_q1,pSeva231,200,0.11295964024774895
1607,CC118Lpir,Qacr_q1,pSeva231,500,0.08269483962233798
1608,CC118Lpir,Qacr_q1,pSeva231,1000,0.06526344367108322
1609,CC118Lpir,Qacr_q1,pSeva231,2000,0.0
1610,CC118Lpir,Qacr_q2,pSeva231,1,8.441392923392929
1611,CC118Lpir,Qacr_q2,pSeva231,5,6.273808080585601
1612,CC118Lpir,Qacr_q2,pSeva231,10,5.065622072877988
1613,CC118Lpir,Qacr_q2,pSeva231,20,1.6946166053454117
1614,CC118Lpir,Qacr_q2,pSeva231,30,0.6345393550748186
1615,CC118Lpir,Qacr_q2,pSeva231,40,0.4804463332078242
1616,CC118Lpir,Qacr_q2,pSeva231,70,0.32152323221834617
1617,CC118Lpir,Qacr_q2,pSeva231,100,0.3197252366056961
1618,CC118Lpir,Qacr_q2,pSeva231,200,0.35152047085202104
1619,CC118Lpir,Qacr_q2,pSeva231,500,0.36864191940837016
1620,CC118Lpir,Qacr_q2,pSeva231,1000,0.3503383089386987
1621,CC118Lpir,Qacr_q2,pSeva231,2000,0.3504660905992508
1622,CC118Lpir,Srpr_s1,pSeva231,1,0.8793500461120354
1623,CC118Lpir,Srpr_s1,pSeva231,5,0.3924370659916189
1624,CC118Lpir,Srpr_s1,pSeva231,10,0.3926165053821472
1625,CC118Lpir,Srpr_s1,pSeva231,20,0.3187237887791465
1626,CC118Lpir,Srpr_s1,pSeva231,30,0.4535854212429778
1627,CC118Lpir,Srpr_s1,pSeva231,40,0.4367381686519037
1628,CC118Lpir,Srpr_s1,pSeva231,70,0.3894773645116541
1629,CC118Lpir,Srpr_s1,pSeva231,100,0.3951490774388854
1630,CC118Lpir,Srpr_s1,pSeva231,200,0.4621860510953002
1631,CC118Lpir,Srpr_s1,pSeva231,500,0.47003696128827105
1632,CC118Lpir,Srpr_s1,pSeva231,1000,0.46042525571705
1633,CC118Lpir,Srpr_s1,pSeva231,2000,0.5101741977547568
1634,CC118Lpir,Srpr_s2,pSeva231,1,3.951501780971265
1635,CC118Lpir,Srpr_s2,pSeva231,5,1.6971874595679497
1636,CC118Lpir,Srpr_s2,pSeva231,10,0.9459820092765666
1637,CC118Lpir,Srpr_s2,pSeva231,20,0.3757001467608386
1638,CC118Lpir,Srpr_s2,pSeva231,30,0.4378497027384165
1639,CC118Lpir,Srpr_s2,pSeva231,40,0.35270876518165845
1640,CC118Lpir,Srpr_s2,pSeva231,70,0.3573817102923456
1641,CC118Lpir,Srpr_s2,pSeva231,100,0.34330492263095835
1642,CC118Lpir,Srpr_s2,pSeva231,200,0.3873031693185388
1643,CC118Lpir,Srpr_s2,pSeva231,500,0.4231947251278306
1644,CC118Lpir,Srpr_s2,pSeva231,1000,0.4518029529965984
1645,CC118Lpir,Srpr_s2,pSeva231,2000,0.48419538135676005
1646,CC118Lpir,Srpr_s3,pSeva231,1,4.492529101464887
1647,CC118Lpir,Srpr_s3,pSeva231,5,1.3750726883286304
1648,CC118Lpir,Srpr_s3,pSeva231,10,1.7232085280711762
1649,CC118Lpir,Srpr_s3,pSeva231,20,0.4704299985644058
1650,CC118Lpir,Srpr_s3,pSeva231,30,0.5213388982873107
1651,CC118Lpir,Srpr_s3,pSeva231,40,0.36324013659771137
1652,CC118Lpir,Srpr_s3,pSeva231,70,0.3917624750277972
1653,CC118Lpir,Srpr_s3,pSeva231,100,0.34767824584215806
1654,CC118Lpir,Srpr_s3,pSeva231,200,0.45114661220082997
1655,CC118Lpir,Srpr_s3,pSeva231,500,0.4280936707214503
1656,CC118Lpir,Srpr_s3,pSeva231,1000,0.4378914229395675
1657,CC118Lpir,Srpr_s3,pSeva231,2000,0.4739921112692635
1658,CC118Lpir,Srpr_s4,pSeva231,1,0.4006807664727136
1659,CC118Lpir,Srpr_s4,pSeva231,5,0.3646150080838747
1660,CC118Lpir,Srpr_s4,pSeva231,10,0.4259825953459045
1661,CC118Lpir,Srpr_s4,pSeva231,20,0.336098095171716
1662,CC118Lpir,Srpr_s4,pSeva231,30,0.3187495107089827
1663,CC118Lpir,Srpr_s4,pSeva231,40,0.3682837012960432
1664,CC118Lpir,Srpr_s4,pSeva231,70,0.360761975063584
1665,CC118Lpir,Srpr_s4,pSeva231,100,0.3530181227300117
1666,CC118Lpir,Srpr_s4,pSeva231,200,0.3690753721097168
1667,CC118Lpir,Srpr_s4,pSeva231,500,0.3464865716652365
1668,CC118Lpir,Srpr_s4,pSeva231,1000,0.35218353406196923
1669,CC118Lpir,Srpr_s4,pSeva231,2000,0.43008785450374654
1670,KT2440,1201,pSeva251,1,0.008829545509241303
1671,KT2440,1201,pSeva251,5,0.004105240713162912
1672,KT2440,1201,pSeva251,10,0.0047248364020776755
1673,KT2440,1201,pSeva251,20,0.004620057767874218
1674,KT2440,1201,pSeva251,30,0.0044345990921477825
1675,KT2440,1201,pSeva251,40,0.0049814698158431705
1676,KT2440,1201,pSeva251,70,0.0033314122309104238
1677,KT2440,1201,pSeva251,100,0.004709333751876736
1678,KT2440,1201,pSeva251,200,0.004013466891682432
1679,KT2440,1201,pSeva251,500,0.0013581676704311704
1680,KT2440,1201,pSeva251,1000,7.665348043106168e-06
1681,KT2440,1201,pSeva251,2000,0.001958465527779897
1682,KT2440,1717,pSeva251,1,1.2525992422989374
1683,KT2440,1717,pSeva251,5,0.91231471694829
1684,KT2440,1717,pSeva251,10,1.0147893861134698
1685,KT2440,1717,pSeva251,20,0.9297963430862044
1686,KT2440,1717,pSeva251,30,0.9733245344825594
1687,KT2440,1717,pSeva251,40,0.8944291413464829
1688,KT2440,1717,pSeva251,70,1.12139760885113
1689,KT2440,1717,pSeva251,100,0.9305385110441162
1690,KT2440,1717,pSeva251,200,1.021534778381232
1691,KT2440,1717,pSeva251,500,1.0578099707427882
1692,KT2440,1717,pSeva251,1000,0.9453367625830772
1693,KT2440,1717,pSeva251,2000,0.9978782990784812
1694,KT2440,1818,pSeva251,1,0.0037215435699176273
1695,KT2440,1818,pSeva251,5,0.00010667615391657628
1696,KT2440,1818,pSeva251,10,0.0016711213482280705
1697,KT2440,1818,pSeva251,20,0.0012142240702429925
1698,KT2440,1818,pSeva251,30,0.0019775619965687573
1699,KT2440,1818,pSeva251,40,0.002420148690052481
1700,KT2440,1818,pSeva251,70,0.0062523115672561145
1701,KT2440,1818,pSeva251,100,0.010897997612779887
1702,KT2440,1818,pSeva251,200,0.03920787639008736
1703,KT2440,1818,pSeva251,500,0.1599966942600047
1704,KT2440,1818,pSeva251,1000,0.3092133744941041
1705,KT2440,1818,pSeva251,2000,0.5414594473922646
1706,KT2440,Amer_f1,pSeva251,1,3.8121040605422647
1707,KT2440,Amer_f1,pSeva251,5,3.0235518750676915
1708,KT2440,Amer_f1,pSeva251,10,2.783213558318013
1709,KT2440,Amer_f1,pSeva251,20,2.7758341141809826
1710,KT2440,Amer_f1,pSeva251,30,2.84721009709526
1711,KT2440,Amer_f1,pSeva251,40,2.707367436351248
1712,KT2440,Amer_f1,pSeva251,70,3.2440475446647627
1713,KT2440,Amer_f1,pSeva251,100,3.207680106763465
1714,KT2440,Amer_f1,pSeva251,200,2.986271093115766
1715,KT2440,Amer_f1,pSeva251,500,2.9436408474298763
1716,KT2440,Amer_f1,pSeva251,1000,3.402567191237899
1717,KT2440,Amer_f1,pSeva251,2000,3.2236420899586
1718,KT2440,Amtr_a1,pSeva251,1,0.27143989142858543
1719,KT2440,Amtr_a1,pSeva251,5,0.2557967639994105
1720,KT2440,Amtr_a1,pSeva251,10,0.25089110060663605
1721,KT2440,Amtr_a1,pSeva251,20,0.25112524564269834
1722,KT2440,Amtr_a1,pSeva251,30,0.25609100682809605
1723,KT2440,Amtr_a1,pSeva251,40,0.2827544363895981
1724,KT2440,Amtr_a1,pSeva251,70,0.27500983134927937
1725,KT2440,Amtr_a1,pSeva251,100,0.2760618584002129
1726,KT2440,Amtr_a1,pSeva251,200,0.2713151081783771
1727,KT2440,Amtr_a1,pSeva251,500,0.24081411594970234
1728,KT2440,Amtr_a1,pSeva251,1000,0.18185400509865796
1729,KT2440,Amtr_a1,pSeva251,2000,0.12295030859283294
1730,KT2440,Beti_e1,pSeva251,1,0.002375912184230613
1731,KT2440,Beti_e1,pSeva251,5,0.0014265931428194885
1732,KT2440,Beti_e1,pSeva251,10,0.001548690637827994
1733,KT2440,Beti_e1,pSeva251,20,0.0008302795006655168
1734,KT2440,Beti_e1,pSeva251,30,0.0004352236415945392
1735,KT2440,Beti_e1,pSeva251,40,0.002031363932722233
1736,KT2440,Beti_e1,pSeva251,70,0.002335713092268205
1737,KT2440,Beti_e1,pSeva251,100,0.001977960644349343
1738,KT2440,Beti_e1,pSeva251,200,0.001401167383475677
1739,KT2440,Beti_e1,pSeva251,500,0.0015350825695343955
1740,KT2440,Beti_e1,pSeva251,1000,0.0004534573689127673
1741,KT2440,Beti_e1,pSeva251,2000,0.0
1742,KT2440,Bm3r1_b2,pSeva251,1,0.021838215926321788
1743,KT2440,Bm3r1_b2,pSeva251,5,0.023043283637065613
1744,KT2440,Bm3r1_b2,pSeva251,10,0.02195796756733476
1745,KT2440,Bm3r1_b2,pSeva251,20,0.0191315010146366
1746,KT2440,Bm3r1_b2,pSeva251,30,0.017614687159673473
1747,KT2440,Bm3r1_b2,pSeva251,40,0.018928368080197887
1748,KT2440,Bm3r1_b2,pSeva251,70,0.01883448743298815
1749,KT2440,Bm3r1_b2,pSeva251,100,0.018920703670862925
1750,KT2440,Bm3r1_b2,pSeva251,200,0.018397072901874142
1751,KT2440,Bm3r1_b2,pSeva251,500,0.017210979983494534
1752,KT2440,Bm3r1_b2,pSeva251,1000,0.014765815723836681
1753,KT2440,Bm3r1_b2,pSeva251,2000,0.009641130414549745
1754,KT2440,Bm3r1_b3,pSeva251,1,0.5183070207227997
1755,KT2440,Bm3r1_b3,pSeva251,5,0.4504095482715775
1756,KT2440,Bm3r1_b3,pSeva251,10,0.46559274550095
1757,KT2440,Bm3r1_b3,pSeva251,20,0.4797744481141054
1758,KT2440,Bm3r1_b3,pSeva251,30,0.4627794234691789
1759,KT2440,Bm3r1_b3,pSeva251,40,0.4874309962436352
1760,KT2440,Bm3r1_b3,pSeva251,70,0.5602549470572257
1761,KT2440,Bm3r1_b3,pSeva251,100,0.5069730344214127
1762,KT2440,Bm3r1_b3,pSeva251,200,0.5968978656729751
1763,KT2440,Bm3r1_b3,pSeva251,500,0.5576106909988541
1764,KT2440,Bm3r1_b3,pSeva251,1000,0.5522976264031821
1765,KT2440,Bm3r1_b3,pSeva251,2000,0.5042213520188349
1766,KT2440,Hiyiir_h1,pSeva251,1,0.4461872603420915
1767,KT2440,Hiyiir_h1,pSeva251,5,0.4557075352341914
1768,KT2440,Hiyiir_h1,pSeva251,10,0.4499668487017373
1769,KT2440,Hiyiir_h1,pSeva251,20,0.4410350276302635
1770,KT2440,Hiyiir_h1,pSeva251,30,0.4254499195166347
1771,KT2440,Hiyiir_h1,pSeva251,40,0.4130233969770851
1772,KT2440,Hiyiir_h1,pSeva251,70,0.3930451237458107
1773,KT2440,Hiyiir_h1,pSeva251,100,0.3710497674943691
1774,KT2440,Hiyiir_h1,pSeva251,200,0.3117579125344989
1775,KT2440,Hiyiir_h1,pSeva251,500,0.18368637346953529
1776,KT2440,Hiyiir_h1,pSeva251,1000,0.07074881420781515
1777,KT2440,Hiyiir_h1,pSeva251,2000,0.016458741378076694
1778,KT2440,Lcara_i1,pSeva251,1,1.37669750919781
1779,KT2440,Lcara_i1,pSeva251,5,1.2338861970019206
1780,KT2440,Lcara_i1,pSeva251,10,1.3079223671183842
1781,KT2440,Lcara_i1,pSeva251,20,1.2038169220369297
1782,KT2440,Lcara_i1,pSeva251,30,1.1247321465730789
1783,KT2440,Lcara_i1,pSeva251,40,1.2451520636603464
1784,KT2440,Lcara_i1,pSeva251,70,1.2107882587673036
1785,KT2440,Lcara_i1,pSeva251,100,1.257149826844459
1786,KT2440,Lcara_i1,pSeva251,200,1.133308114401678
1787,KT2440,Lcara_i1,pSeva251,500,0.8984522975204117
1788,KT2440,Lcara_i1,pSeva251,1000,0.6296403040291002
1789,KT2440,Lcara_i1,pSeva251,2000,0.3736311852974015
1790,KT2440,Litr_l1,pSeva251,1,0.0046990514774175466
1791,KT2440,Litr_l1,pSeva251,5,0.002969564716230732
1792,KT2440,Litr_l1,pSeva251,10,0.0015611122244355005
1793,KT2440,Litr_l1,pSeva251,20,0.002270728661363791
1794,KT2440,Litr_l1,pSeva251,30,0.0005191317824821189
1795,KT2440,Litr_l1,pSeva251,40,0.0011840709841548355
1796,KT2440,Litr_l1,pSeva251,70,0.0004430557446468693
1797,KT2440,Litr_l1,pSeva251,100,0.002616950108782697
1798,KT2440,Litr_l1,pSeva251,200,0.0019001149307043465
1799,KT2440,Litr_l1,pSeva251,500,0.0007094735439754716
1800,KT2440,Litr_l1,pSeva251,1000,0.00035117076642933795
1801,KT2440,Litr_l1,pSeva251,2000,0.0006074696576734582
1802,KT2440,Lmra_n1,pSeva251,1,0.3910993461905183
1803,KT2440,Lmra_n1,pSeva251,5,0.40985299033932177
1804,KT2440,Lmra_n1,pSeva251,10,0.40293216353580297
1805,KT2440,Lmra_n1,pSeva251,20,0.4011018871109512
1806,KT2440,Lmra_n1,pSeva251,30,0.4080484434880703
1807,KT2440,Lmra_n1,pSeva251,40,0.3889920428813457
1808,KT2440,Lmra_n1,pSeva251,70,0.3804159489076233
1809,KT2440,Lmra_n1,pSeva251,100,0.3358908898680194
1810,KT2440,Lmra_n1,pSeva251,200,0.2557949126609301
1811,KT2440,Lmra_n1,pSeva251,500,0.16862732031001493
1812,KT2440,Lmra_n1,pSeva251,1000,0.12961298304058627
1813,KT2440,Lmra_n1,pSeva251,2000,0.09435858786479036
1814,KT2440,Phif_p1,pSeva251,1,3.4686518502335244
1815,KT2440,Phif_p1,pSeva251,5,3.462914056955405
1816,KT2440,Phif_p1,pSeva251,10,3.5218970993193897
1817,KT2440,Phif_p1,pSeva251,20,3.3569742849897235
1818,KT2440,Phif_p1,pSeva251,30,3.4132128192733218
1819,KT2440,Phif_p1,pSeva251,40,3.5546872991284006
1820,KT2440,Phif_p1,pSeva251,70,3.5378046290749534
1821,KT2440,Phif_p1,pSeva251,100,3.930736452483528
1822,KT2440,Phif_p1,pSeva251,200,3.5589236237112973
1823,KT2440,Phif_p1,pSeva251,500,3.3980337584337463
1824,KT2440,Phif_p1,pSeva251,1000,3.1314638085912514
1825,KT2440,Phif_p1,pSeva251,2000,3.000406660073654
1826,KT2440,Phif_p2,pSeva251,1,3.826132492581291
1827,KT2440,Phif_p2,pSeva251,5,3.437715844546956
1828,KT2440,Phif_p2,pSeva251,10,3.301300543455452
1829,KT2440,Phif_p2,pSeva251,20,3.3513264211604907
1830,KT2440,Phif_p2,pSeva251,30,3.2273854832327222
1831,KT2440,Phif_p2,pSeva251,40,3.652556879134636
1832,KT2440,Phif_p2,pSeva251,70,3.8164872574783617
1833,KT2440,Phif_p2,pSeva251,100,3.2873203132178435
1834,KT2440,Phif_p2,pSeva251,200,3.122787251280049
1835,KT2440,Phif_p2,pSeva251,500,2.7813714886048633
1836,KT2440,Phif_p2,pSeva251,1000,2.3543106805555003
1837,KT2440,Phif_p2,pSeva251,2000,1.6960150288737676
1838,KT2440,Psra_r1,pSeva251,1,0.2597584035839344
1839,KT2440,Psra_r1,pSeva251,5,0.18501759049413088
1840,KT2440,Psra_r1,pSeva251,10,0.1445282235508134
1841,KT2440,Psra_r1,pSeva251,20,0.4920819334929903
1842,KT2440,Psra_r1,pSeva251,30,0.2591553785326439
1843,KT2440,Psra_r1,pSeva251,40,0.2698507655593108
1844,KT2440,Psra_r1,pSeva251,70,0.2475642189073667
1845,KT2440,Psra_r1,pSeva251,100,0.5098065180933508
1846,KT2440,Psra_r1,pSeva251,200,0.37056327561164665
1847,KT2440,Psra_r1,pSeva251,500,0.824872892883022
1848,KT2440,Psra_r1,pSeva251,1000,0.5206511750573097
1849,KT2440,Psra_r1,pSeva251,2000,1.330407225307003
1850,KT2440,Qacr_q1,pSeva251,1,0.6320194828971988
1851,KT2440,Qacr_q1,pSeva251,5,0.6890956967287438
1852,KT2440,Qacr_q1,pSeva251,10,0.6836907231654789
1853,KT2440,Qacr_q1,pSeva251,20,0.698017809046028
1854,KT2440,Qacr_q1,pSeva251,30,0.7212923035693223
1855,KT2440,Qacr_q1,pSeva251,40,0.7668898446611441
1856,KT2440,Qacr_q1,pSeva251,70,0.7521233580182993
1857,KT2440,Qacr_q1,pSeva251,100,0.7825313583120558
1858,KT2440,Qacr_q1,pSeva251,200,0.6803427840356139
1859,KT2440,Qacr_q1,pSeva251,500,0.566793324071771
1860,KT2440,Qacr_q1,pSeva251,1000,0.4117851447982313
1861,KT2440,Qacr_q1,pSeva251,2000,0.24774074264278725
1862,KT2440,Srpr_s1,pSeva251,1,0.09542551755293516
1863,KT2440,Srpr_s1,pSeva251,5,0.08951607242383021
1864,KT2440,Srpr_s1,pSeva251,10,0.08801757828405593
1865,KT2440,Srpr_s1,pSeva251,20,0.08132947767536987
1866,KT2440,Srpr_s1,pSeva251,30,0.08144537819778247
1867,KT2440,Srpr_s1,pSeva251,40,0.07665674786491536
1868,KT2440,Srpr_s1,pSeva251,70,0.06924415901050562
1869,KT2440,Srpr_s1,pSeva251,100,0.06463659166311249
1870,KT2440,Srpr_s1,pSeva251,200,0.052996654879898034
1871,KT2440,Srpr_s1,pSeva251,500,0.031913596081028936
1872,KT2440,Srpr_s1,pSeva251,1000,0.01475816078760856
1873,KT2440,Srpr_s1,pSeva251,2000,0.008618936526031828
1874,KT2440,Srpr_s4,pSeva251,1,0.2834894540072532
1875,KT2440,Srpr_s4,pSeva251,5,0.25585865077005765
1876,KT2440,Srpr_s4,pSeva251,10,0.2257859263190811
1877,KT2440,Srpr_s4,pSeva251,20,0.22266162266260925
1878,KT2440,Srpr_s4,pSeva251,30,0.2064314335082823
1879,KT2440,Srpr_s4,pSeva251,40,0.24446424295296576
1880,KT2440,Srpr_s4,pSeva251,70,0.19484586947072832
1881,KT2440,Srpr_s4,pSeva251,100,0.2204757304284419
1882,KT2440,Srpr_s4,pSeva251,200,0.19258635010557865
1883,KT2440,Srpr_s4,pSeva251,500,0.15498656945179698
1884,KT2440,Srpr_s4,pSeva251,1000,0.11309578541205127
1885,KT2440,Srpr_s4,pSeva251,2000,0.04834518670191722
